mutant,screenscore
E2M,1
E2Y,0
E2W,1
E2V,1
E2R,1
E2S,1
E2A,1
E2F,1
E2G,1
E2H,1
E2I,1
E2N,0
E2K,1
T3I,1
T3G,1
T3D,1
T3E,1
T3K,1
T3F,1
T3L,1
T3Y,1
T3N,1
T3P,1
T3Q,1
T3R,1
T3V,1
T3W,1
T3C,1
T3M,1
T3A,1
T3S,1
T4S,1
T4A,1
T4C,1
T4D,1
T4E,1
T4F,1
T4G,1
T4H,0
T4I,1
T4K,1
T4L,1
T4M,1
T4P,1
T4R,1
T4V,1
T4W,1
T4Y,1
P5H,1
P5E,1
P5D,1
P5C,1
P5A,1
P5F,1
P5G,1
P5I,1
P5L,1
P5M,1
P5N,1
P5Q,1
P5R,1
P5S,1
P5V,1
P5W,1
P5Y,1
P5K,1
L6G,1
L6K,1
L6F,1
L6E,1
L6D,1
L6A,1
L6R,1
L6S,1
L6T,1
L6V,1
L6W,1
L6H,0
L6N,1
L6C,1
L6P,1
N7V,1
N7W,1
N7Y,1
N7A,1
N7E,1
N7F,1
N7G,1
N7H,0
N7K,1
N7C,1
N7D,1
N7M,1
N7P,1
N7Q,1
N7R,1
N7S,1
N7T,1
S8R,1
S8T,1
S8V,1
S8W,1
S8Y,1
S8N,1
S8M,1
S8L,1
S8D,1
S8Q,1
S8A,1
S8I,1
S8H,1
S8G,1
S8F,1
S8E,1
S8C,1
S8K,1
S8P,1
Q9L,1
Q9Y,1
Q9W,1
Q9V,1
Q9T,1
Q9S,1
Q9R,1
Q9P,1
Q9N,1
Q9M,1
Q9H,0
Q9G,1
Q9F,1
Q9E,1
Q9D,1
Q9C,1
Q9A,1
Q9I,1
K10R,1
K10V,1
K10T,1
K10S,1
K10W,1
K10Y,1
K10A,1
K10P,1
K10C,1
K10D,1
K10E,1
K10F,1
K10G,1
K10H,1
K10I,1
K10L,1
K10M,1
Q11D,1
Q11S,1
Q11R,1
Q11N,1
Q11M,1
Q11K,1
Q11I,1
Q11G,1
Q11F,1
Q11E,1
Q11Y,1
Q11W,1
Q11V,1
Q11T,1
Q11C,1
Q11A,1
Q11H,1
L12Y,1
L12A,1
L12C,1
L12E,1
L12F,1
L12G,1
L12H,1
L12I,1
L12K,1
L12D,1
L12N,1
L12P,1
L12Q,1
L12R,1
L12S,1
L12T,1
L12W,1
L12V,1
L12M,1
S13A,1
S13C,1
S13D,1
S13E,1
S13F,1
S13G,1
S13R,1
S13V,1
S13P,1
S13N,1
S13H,1
S13K,1
S13W,1
S13I,1
S13M,1
S13L,1
A14I,1
A14H,1
A14G,1
A14F,1
A14V,1
A14R,1
A14T,1
A14W,1
A14Q,1
A14L,1
A14K,1
A14C,1
A14M,1
A14E,1
A14Y,1
A14D,1
C15L,1
C15D,1
C15E,1
C15F,1
C15G,1
C15H,1
C15I,1
C15K,1
C15M,1
C15A,1
C15N,1
C15Y,1
C15V,1
C15T,1
C15W,1
C15R,1
C15Q,1
C15P,1
C15S,1
E16W,1
E16T,1
E16S,1
E16I,1
E16A,1
E16C,1
E16R,1
E16Y,1
E16F,1
E16G,1
E16H,1
E16Q,1
E16P,1
E16N,1
E16M,1
E16L,1
E16K,1
D17P,1
D17A,1
D17C,1
D17E,1
D17N,1
D17G,1
D17H,1
D17K,1
D17L,1
D17M,1
D17Q,1
D17R,1
D17S,1
D17T,1
D17V,1
D17W,1
D17F,1
G18D,1
G18E,1
G18V,1
G18Y,1
G18W,1
G18T,1
G18S,1
G18R,1
G18A,1
G18P,1
G18Q,1
G18M,1
G18L,1
G18K,1
G18I,1
G18H,1
G18F,1
G18N,1
G18C,1
E19L,1
E19M,1
E19N,1
E19Q,1
E19R,1
E19S,1
E19K,1
E19P,1
E19I,1
E19T,1
E19G,1
E19F,1
E19D,1
E19C,1
E19V,1
E19W,1
E19Y,1
E19H,1
D20Q,1
D20R,1
D20S,1
D20A,1
D20W,1
D20Y,0
D20P,1
D20T,1
D20N,1
D20V,1
D20C,1
D20F,1
D20G,1
D20M,1
D20L,1
D20K,1
D20I,1
D20H,1
D20E,1
C21T,1
C21A,1
C21D,1
C21E,1
C21F,1
C21V,1
C21H,1
C21I,1
C21L,1
C21M,1
C21N,1
C21P,1
C21S,1
C21G,1
C21K,1
C21W,1
C21Y,1
C21R,1
Q22V,1
Q22T,1
Q22S,1
Q22R,1
Q22N,1
Q22M,1
Q22Y,1
Q22W,1
Q22L,1
Q22F,1
Q22A,1
Q22I,1
Q22H,0
Q22G,1
Q22E,1
Q22D,1
Q22C,1
E23C,1
E23P,1
E23I,1
E23Q,1
E23N,1
E23M,1
E23F,1
E23L,1
E23H,1
E23K,1
E23G,1
E23R,1
E23S,1
E23T,1
E23V,1
E23Y,1
N24V,1
N24T,1
N24S,1
N24R,1
N24Q,1
N24P,1
N24M,1
N24W,0
N24K,1
N24L,1
N24A,1
N24D,1
N24E,1
N24G,1
N24H,0
N24I,1
N24F,1
G25N,1
G25Y,1
G25L,1
G25K,0
G25I,1
G25H,1
G25M,1
G25D,1
G25E,1
G25A,1
G25S,1
G25T,1
G25V,1
G25P,1
G25F,1
G25W,1
G25R,1
V26T,1
V26D,0
V26E,1
V26F,0
V26H,1
V26I,1
V26K,1
V26M,1
V26N,1
V26C,1
V26Q,0
V26P,0
V26R,1
V26S,1
V26W,1
V26Y,0
L27C,1
L27A,1
L27F,1
L27G,1
L27H,1
L27K,1
L27M,1
L27N,1
L27P,1
L27Q,1
L27R,1
L27S,1
L27T,1
L27V,1
L27W,1
L27Y,1
L27D,1
L27E,1
Q28G,1
Q28R,1
Q28S,1
Q28A,1
Q28C,1
Q28D,1
Q28T,1
Q28V,1
Q28W,1
Q28Y,1
Q28L,1
Q28I,1
Q28E,1
Q28F,1
Q28H,1
Q28P,1
Q28M,1
Q28N,1
K29R,1
K29Y,1
K29W,1
K29V,1
K29S,1
K29P,1
K29M,1
K29N,1
K29I,1
K29H,1
K29G,1
K29F,1
K29E,1
K29D,1
K29C,1
K29A,1
K29L,1
V30P,1
V30S,1
V30R,1
V30W,1
V30Y,1
V30N,1
V30T,1
V30M,1
V30A,1
V30K,1
V30I,1
V30H,1
V30G,1
V30E,1
V30D,1
V30C,1
V30L,1
V31A,1
V31C,1
V31H,1
V31E,1
V31D,1
V31W,1
V31T,1
V31S,1
V31R,1
V31P,1
V31M,1
V31L,1
V31I,1
V31G,1
V31F,1
V31N,1
P32Q,1
P32N,1
P32K,1
P32I,1
P32A,1
P32G,1
P32F,1
P32C,1
P32D,1
P32E,1
P32R,1
P32H,1
P32T,1
P32W,1
P32Y,1
P32V,1
T33V,1
T33C,1
T33W,1
T33S,1
T33R,1
T33Q,1
T33P,1
T33M,1
T33L,1
T33K,1
T33H,1
T33Y,1
T33G,1
T33A,1
T33E,1
T33F,1
T33D,1
P34L,1
P34M,1
P34N,1
P34Q,1
P34R,1
P34H,0
P34A,1
P34C,1
P34D,1
P34E,1
P34F,1
P34G,1
P34T,1
P34V,1
P34W,1
P34Y,1
P34K,1
G35W,1
G35A,1
G35D,1
G35Y,1
G35T,1
G35S,1
G35R,1
G35Q,1
G35C,1
G35M,1
G35N,1
G35L,1
G35K,1
G35H,1
G35F,1
G35E,1
D36F,1
D36I,1
D36L,1
D36M,1
D36C,1
D36A,0
D36G,1
D36K,0
D36R,1
D36Y,0
D36W,1
D36V,1
D36N,1
D36P,1
D36T,1
D36S,1
K37P,1
K37N,0
K37L,1
K37I,1
K37G,1
K37F,1
K37E,1
K37D,1
K37C,1
K37Q,1
K37S,1
K37A,1
K37V,1
K37R,1
V38F,1
V38G,1
V38H,1
V38I,1
V38K,1
V38L,0
V38M,1
V38P,1
V38R,1
V38S,1
V38T,1
V38W,1
V38Y,1
V38N,1
V38D,1
V38C,1
V38A,0
E39I,1
E39H,1
E39N,1
E39P,1
E39Q,1
E39D,0
E39F,1
E39G,1
E39R,1
E39S,1
E39T,1
E39M,1
E39K,1
E39W,1
E39Y,1
E39C,1
E39A,0
E39V,1
S40F,1
S40D,1
S40C,1
S40A,1
S40L,1
S40K,1
S40W,1
S40I,1
S40Y,1
S40G,1
S40M,1
S40N,1
S40H,1
S40P,1
S40V,1
S40R,0
S40Q,1
G41K,1
G41L,1
G41P,1
G41E,1
G41H,1
G41N,1
G41Q,1
G41S,1
G41V,0
G41W,1
G41Y,1
G41R,1
Q42T,0
Q42H,0
Q42I,1
Q42K,0
Q42L,1
Q42E,1
Q42D,1
Q42C,1
Q42V,1
Q42A,1
Q42Y,1
Q42W,1
Q42M,1
Q42N,1
Q42P,0
Q42R,1
Q42S,1
Q42G,1
Q42F,1
I43A,1
I43C,1
I43W,1
I43K,1
I43F,0
I43H,1
I43T,1
I43S,1
I43R,1
I43L,0
I43M,0
I43N,1
I43P,1
I43Q,1
I43G,1
S44N,1
S44A,1
S44C,1
S44L,1
S44M,1
S44Q,1
S44R,1
S44P,1
S44F,1
S44E,1
S44T,1
S44V,1
S44W,1
S44G,1
N45I,1
N45Y,1
N45E,1
N45F,1
N45G,1
N45H,0
N45K,1
N45W,1
N45M,1
N45P,1
N45Q,1
N45R,1
N45S,1
N45V,1
N45D,1
N45C,1
N45A,1
N45L,1
G46W,1
G46S,1
G46D,1
G46C,0
G46R,1
G46N,1
G46A,1
G46L,1
G46I,0
G46H,1
G46F,1
G46E,1
G46T,1
G46K,1
Y47V,1
Y47W,1
Y47M,1
Y47G,1
Y47R,1
Y47Q,1
Y47P,1
Y47A,1
Y47C,1
Y47F,1
Y47H,0
Y47I,1
Y47K,1
Y47T,1
Y47L,1
S48H,1
S48I,0
S48V,1
S48T,1
S48R,1
S48Q,1
S48P,1
S48L,1
S48N,1
S48A,1
S48W,1
S48Y,1
S48D,1
S48E,1
S48F,1
S48G,1
A49G,1
A49S,0
A49C,1
A49E,1
A49H,1
A49R,1
A49K,0
A49L,1
A49M,1
A49P,0
A49Q,1
A49Y,1
A49W,1
A49V,1
A49I,1
A49T,1
V50W,1
V50Y,1
V50N,1
V50S,1
V50C,1
V50F,1
V50G,0
V50H,1
V50E,1
V50K,0
V50L,0
V50P,1
V50Q,1
V50I,1
V50R,1
P51C,1
P51K,1
P51I,0
P51H,1
P51E,1
P51F,1
P51D,1
P51G,1
P51M,1
P51Q,1
P51R,1
P51S,1
P51V,1
P51W,1
P51A,1
P51N,1
S52N,1
S52Y,1
S52Q,1
S52W,1
S52T,1
S52V,1
S52M,1
S52R,1
S52L,1
S52I,1
S52H,1
S52G,1
S52F,1
S52E,1
S52D,1
S52C,1
S52K,1
P53D,1
P53E,1
P53F,1
P53G,1
P53I,1
P53K,1
P53Y,1
P53M,1
P53N,1
P53C,1
P53W,1
P53V,1
P53T,1
P53S,1
P53L,1
P53A,1
P53Q,1
P53R,1
G54V,0
G54A,0
G54D,1
G54E,1
G54F,1
G54H,1
G54I,1
G54K,1
G54L,1
G54M,0
G54N,1
G54Q,1
G54R,1
G54T,1
G54W,1
G54S,1
G54Y,1
A55W,1
A55Y,1
A55C,1
A55F,1
A55G,1
A55H,1
A55I,1
A55K,1
A55M,1
A55N,1
A55P,1
A55Q,0
A55R,1
A55L,1
A55T,1
G56N,1
G56P,1
G56Q,1
G56R,1
G56V,1
G56T,1
G56Y,1
G56M,1
G56S,1
G56L,1
G56D,1
G56I,1
G56H,1
G56F,1
G56E,1
G56C,1
G56A,0
G56K,1
D57L,1
D57M,1
D57N,1
D57P,1
D57Q,1
D57V,0
D57W,1
D57T,1
D57R,1
D57K,1
D57I,1
D57S,1
D57G,1
D57A,0
D57C,1
D58Y,0
D58W,1
D58V,1
D58T,1
D58S,1
D58R,1
D58Q,1
D58P,1
D58M,1
D58L,1
D58I,1
D58G,1
D58F,1
D58C,1
D58H,1
T59G,1
T59Y,1
T59W,1
T59V,1
T59S,1
T59F,1
T59R,1
T59N,1
T59M,1
T59P,0
T59K,0
T59Q,1
T59L,1
T59D,1
T59E,1
T59A,1
T59C,1
R60I,1
R60Y,0
R60W,1
R60V,1
R60K,0
R60Q,1
R60P,1
R60S,1
R60M,1
R60L,1
R60A,1
R60C,1
R60D,1
R60E,1
R60F,1
R60G,1
R60H,1
R60N,1
R60T,1
H61A,1
H61I,0
H61G,1
H61E,1
H61D,1
H61L,1
H61Y,1
H61W,1
H61V,1
H61R,1
H61S,1
H61M,1
H61N,0
H61P,0
H61Q,0
S62Y,0
S62T,0
S62W,1
S62V,1
S62A,1
S62P,1
S62E,1
S62F,1
S62G,1
S62H,1
S62Q,0
S62N,1
S62M,1
S62I,0
S62L,1
S62K,1
I63Y,1
I63T,1
I63S,1
I63R,1
I63Q,1
I63M,0
I63N,1
I63L,1
I63K,1
I63H,1
I63G,1
I63D,1
I63C,1
I63A,1
I63P,1
I63E,1
I63V,1
I63W,1
P64N,1
P64W,1
P64V,1
P64A,1
P64C,1
P64D,1
P64E,1
P64F,1
P64G,1
P64H,0
P64I,1
P64K,1
P64L,1
P64M,1
P64S,1
P64R,1
P64Q,1
P64Y,1
A65V,1
A65T,1
A65S,0
A65R,1
A65Q,1
A65P,0
A65C,0
A65N,0
A65L,1
A65K,1
A65H,1
A65G,1
A65F,1
A65E,0
A65M,1
A65W,1
T66L,1
T66V,1
T66R,1
T66Q,1
T66P,1
T66N,0
T66M,1
T66Y,1
T66K,1
T66H,1
T66G,1
T66F,1
T66E,1
T66D,1
T66C,1
T66A,1
T66W,1
T67M,1
T67N,0
T67C,1
T67A,1
T67Q,1
T67R,1
T67S,1
T67V,1
T67W,1
T67Y,1
T67L,1
T67K,1
T67H,1
T67G,1
T67F,1
T67E,1
T67D,1
T68Y,1
T68V,1
T68S,1
T68R,1
T68N,1
T68I,1
T68L,1
T68G,1
T68F,1
T68E,1
T68C,1
T68D,1
T69Q,1
T69Y,1
T69W,1
T69V,1
T69S,1
T69R,1
T69N,1
T69K,0
T69L,1
T69H,1
T69G,1
T69E,1
T69D,1
T69C,1
T69A,1
T69I,1
L70V,1
L70Y,1
L70T,1
L70E,1
L70R,1
L70Q,1
L70I,1
L70S,1
L70M,0
L70F,1
L70A,1
L70N,1
L70G,1
V71A,1
V71C,1
V71D,1
V71E,1
V71F,1
V71H,1
V71L,1
V71M,1
V71N,1
V71P,1
V71Q,1
V71R,1
V71S,1
V71T,1
V71Y,1
V71K,1
V71G,1
A72C,1
A72D,1
A72E,1
A72F,1
A72H,1
A72K,1
A72L,1
A72M,1
A72N,1
A72P,1
A72Q,1
A72R,1
A72S,1
A72Y,1
E73D,0
E73W,1
E73T,1
E73S,1
E73R,1
E73Q,0
E73P,1
E73L,1
E73I,0
E73H,1
E73G,1
E73F,0
E73M,1
E73Y,0
E73A,1
L74C,1
L74D,1
L74E,1
L74F,1
L74G,1
L74H,1
L74Y,1
L74W,1
L74V,1
L74S,1
L74R,1
L74N,1
L74M,1
L74A,1
L74K,1
H75D,1
H75Y,1
H75W,1
H75V,1
H75S,1
H75R,1
H75A,1
H75C,1
H75E,1
H75P,1
H75M,1
H75K,1
H75G,1
H75Q,1
Q76R,1
Q76S,1
Q76T,1
Q76V,1
Q76P,1
Q76N,1
Q76M,1
Q76L,1
Q76I,1
Q76G,1
Q76F,1
Q76E,1
Q76D,1
Q76C,1
Q76A,1
Q76W,1
G77A,1
G77Y,1
G77H,0
G77E,1
G77F,1
G77K,1
G77L,1
G77M,1
G77N,1
G77C,0
G77P,1
G77R,1
G77S,1
G77V,1
G77Q,1
E78W,0
E78Y,1
E78T,1
E78S,1
E78R,1
E78Q,1
E78P,0
E78A,1
E78L,1
E78N,1
E78G,1
E78D,0
E78K,1
R79W,0
R79A,1
R79C,0
R79D,0
R79F,0
R79H,1
R79S,0
R79K,1
R79L,0
R79M,0
R79N,1
R79P,0
R79Q,0
R79I,0
E80L,1
E80I,1
E80H,1
E80G,1
E80K,1
E80P,1
E80V,1
E80R,1
E80S,1
E80T,1
E80C,1
E80F,1
E80D,0
T81C,1
T81W,0
T81Y,1
T81D,1
T81F,1
T81H,1
T81I,1
T81K,0
T81N,1
T81P,1
T81Q,1
T81V,0
T81L,1
W82V,0
W82T,0
W82S,0
W82R,1
W82N,0
W82I,0
W82G,0
W82F,0
W82E,1
W82D,0
W82C,0
W82L,0
G83V,0
G83W,0
G83R,1
G83Q,1
G83P,1
G83N,1
G83M,0
G83L,0
G83K,1
G83I,1
G83H,1
G83F,0
G83C,0
G83E,1
K84A,1
K84C,1
K84E,1
K84F,1
K84G,1
K84L,1
K84Q,1
K84T,0
K84V,1
K84Y,1
K84H,1
K84S,1
K84R,1
K85R,1
K85G,0
K85F,0
K85C,0
K85A,0
K85L,0
K85M,0
K85P,0
K85Q,0
K85T,1
K85H,0
K85V,0
K85I,0
V86P,1
V86N,0
V86M,0
V86L,0
V86K,0
V86I,1
V86H,0
V86F,1
V86E,1
V86D,0
V86C,1
V86T,1
V86W,1
V86Y,1
V86S,1
V86A,1
D87E,1
D87H,1
D87I,0
D87K,1
D87N,1
D87F,0
D87P,1
D87Y,0
D87A,0
D87W,0
D87C,0
D87T,1
D87R,0
D87V,0
F88G,1
F88L,0
F88N,1
F88Q,1
F88S,1
F88V,1
F88W,1
F88Y,1
F88M,1
F88R,1
F88A,1
F88C,0
L89S,0
L89Q,1
L89P,1
L89N,1
L89K,0
L89I,1
L89G,0
L89F,1
L89E,0
L89W,1
L89Y,0
L89D,0
L90A,1
L90D,0
L90E,0
L90F,1
L90M,1
L90N,0
L90P,0
L90Q,0
L90S,0
L90K,0
L90Y,0
L90W,0
S91Q,1
S91N,0
S91H,1
S91R,1
S91F,1
S91D,0
S91A,1
S91K,0
S91I,0
V92L,1
V92S,1
V92Q,0
V92P,0
V92C,1
V92D,0
V92E,0
V92F,0
V92G,0
V92H,0
V92I,1
V92N,0
V92T,1
V92K,1
V92M,1
I93A,1
I93C,1
I93M,1
I93H,0
I93K,0
I93L,1
I93P,0
I93Q,0
I93R,0
I93S,0
I93V,1
I93W,0
I93Y,1
I93E,0
I93D,0
G94E,0
G94V,1
G94T,1
G94S,1
G94R,1
G94A,1
G94D,1
G94P,0
G94K,0
G94H,1
G94F,0
G94N,0
G94C,1
G94Y,0
G94W,1
Y95T,1
Y95D,0
Y95F,1
Y95G,1
Y95H,1
Y95M,1
Y95N,1
Y95P,1
Y95Q,1
Y95R,1
Y95S,1
Y95A,1
Y95W,1
A96F,0
A96E,0
A96H,1
A96I,0
A96L,0
A96M,1
A96N,0
A96Q,0
A96W,0
A96Y,1
A96D,0
A96C,1
A96G,1
V97W,0
V97S,1
V97R,0
V97L,1
V97I,1
V97G,0
V97F,1
V97E,0
V97C,0
V97Y,1
V97A,1
V97T,1
D98P,1
D98Q,1
D98R,1
D98N,1
D98T,1
D98V,0
D98S,1
D98M,0
D98F,0
D98K,1
D98I,0
D98H,1
D98E,0
D98W,0
D98G,1
D98L,0
D98Y,0
L99I,1
L99K,0
L99N,0
L99V,1
L99C,0
L99D,0
L99E,0
L99F,1
L99T,0
L99S,0
L99R,0
L99H,0
L99G,0
L99Y,1
L99W,1
G100Q,1
G100A,1
G100P,1
G100C,1
G100H,1
G100T,1
G100K,1
G100S,1
G100V,0
G100N,1
G100L,0
G100M,1
G100Y,0
N101W,0
N101C,1
N101D,0
N101E,0
N101F,0
N101H,0
N101I,0
N101L,0
N101S,1
N101T,1
N101K,1
N101M,0
N101A,1
N101Y,0
V102D,0
V102W,1
V102E,0
V102F,1
V102G,0
V102H,0
V102I,1
V102K,0
V102L,1
V102N,0
V102P,0
V102Q,0
V102S,0
V102R,0
W103T,1
W103V,1
W103Y,1
W103A,1
W103M,1
W103R,0
W103Q,0
W103C,0
W103D,0
W103E,0
W103F,1
W103G,0
W103H,0
W103I,1
W103K,0
W103P,0
W103N,0
R104W,0
R104Y,0
R104A,0
R104C,0
R104D,0
R104E,0
R104F,0
R104H,0
R104I,0
R104K,0
R104G,0
R104M,0
R104L,0
R104T,0
R104S,0
R104V,0
R104P,0
R104N,0
F105W,0
F105H,0
F105L,0
F105M,0
F105N,0
F105P,0
F105Q,0
F105R,0
F105G,0
F105T,0
F105V,0
F105S,0
F105K,0
F105A,0
F105C,0
F105D,0
F105E,0
P106M,0
P106Y,0
P106T,0
P106S,0
P106R,0
P106Q,0
P106N,0
P106V,0
P106L,0
P106K,0
P106I,0
P106H,0
P106G,0
P106F,0
P106E,0
P106D,0
P106C,0
P106A,0
P106W,0
Y107G,0
Y107S,0
Y107T,1
Y107F,0
Y107E,0
Y107K,0
Y107L,1
Y107P,0
Y107R,0
Y107W,1
Y107V,1
Y107M,1
Y107D,0
I108Y,0
I108E,0
I108C,0
I108D,0
I108F,0
I108G,0
I108H,0
I108K,1
I108N,0
I108P,0
I108M,0
I108R,0
I108S,0
I108V,1
I108W,0
I108Q,0
C109L,0
C109G,0
C109H,0
C109F,0
C109E,0
C109D,0
C109I,0
C109K,0
C109M,0
C109S,0
C109P,0
C109Q,0
C109R,0
C109A,1
C109T,0
C109W,0
C109Y,0
C109N,0
Y110V,1
Y110W,0
Y110T,0
Y110Q,0
Y110R,0
Y110S,0
Y110A,1
Y110C,0
Y110D,0
Y110F,0
Y110G,0
Y110E,0
Y110K,0
Y110M,0
Y110N,0
Y110P,0
Q111D,0
Q111F,0
Q111G,0
Q111H,0
Q111P,0
Q111W,0
Q111T,1
Q111R,1
Q111C,0
Q111M,1
Q111A,1
N112A,0
N112W,0
N112Y,0
N112C,0
N112D,0
N112E,0
N112F,0
N112I,0
N112G,0
N112M,0
N112P,0
N112Q,0
N112S,0
N112T,0
N112V,0
N112L,0
G113L,0
G113D,0
G113F,0
G113I,0
G113K,0
G113M,0
G113Y,0
G113P,0
G113Q,0
G113R,0
G113S,0
G113T,0
G113V,0
G113W,0
G113C,0
G113N,0
G114Y,0
G114C,0
G114A,0
G114W,0
G114V,0
G114T,0
G114S,0
G114Q,0
G114P,0
G114N,0
G114R,0
G114L,0
G114K,0
G114I,0
G114H,0
G114F,0
G114E,0
G114D,0
G114M,0
G115N,0
G115T,0
G115V,0
G115W,0
G115Y,0
G115Q,0
G115P,0
G115M,0
G115A,1
G115K,0
G115I,0
G115H,0
G115F,0
G115E,0
G115D,0
G115C,0
G115R,0
G115L,0
G115S,0
A116C,0
A116D,1
A116F,0
A116H,0
A116I,0
A116K,0
A116L,0
A116E,0
A116M,0
A116P,0
A116Q,0
A116R,0
A116T,1
A116V,0
A116N,0
A116W,0
A116Y,0
F117I,0
F117N,0
F117P,0
F117Q,0
F117R,0
F117S,0
F117T,0
F117K,0
F117V,0
F117C,0
F117D,0
F117E,0
F117G,0
F117W,0
F117Y,0
F117A,0
F117H,0
F117L,0
F117M,0
L118E,0
L118A,0
L118C,0
L118R,0
L118S,0
L118T,0
L118V,0
L118W,0
L118Y,0
L118D,0
L118Q,0
L118P,0
L118N,0
L118M,0
L118K,0
L118I,0
L118H,0
L118G,0
L118F,0
L119P,0
L119Q,0
L119V,1
L119S,0
L119T,0
L119W,1
L119A,0
L119K,0
L119I,1
L119H,0
L119G,0
L119E,0
L119D,0
L119C,0
L119R,0
L119N,0
L119M,0
P120Q,0
P120A,1
P120C,1
P120D,0
P120E,0
P120F,0
P120G,0
P120H,0
P120I,1
P120K,0
P120L,0
P120M,0
P120N,0
P120R,0
P120V,1
P120W,0
P120Y,0
Y121W,1
Y121V,0
Y121T,0
Y121S,0
Y121C,0
Y121Q,0
Y121E,0
Y121G,0
Y121H,0
Y121I,0
Y121A,0
Y121K,0
Y121L,0
Y121M,0
Y121N,0
Y121P,0
Y121R,0
Y121D,0
T122Q,0
T122R,0
T122A,1
T122W,1
T122V,1
T122Y,0
T122P,0
T122N,0
T122M,1
T122K,0
T122I,1
T122H,0
T122G,1
T122F,1
T122E,0
T122D,0
T122L,1
I123S,0
I123L,0
I123W,0
I123Y,0
I123M,0
I123V,1
I123R,0
I123E,0
I123N,0
I123P,0
I123K,0
I123C,1
I123H,0
I123G,0
I123Q,0
I123D,0
I123F,0
M124Q,0
M124P,0
M124N,0
M124K,0
M124I,0
M124E,0
M124G,0
M124F,1
M124R,0
M124D,0
M124C,1
M124A,1
M124H,0
M124W,0
M124V,1
M124Y,0
M124T,1
A125I,1
A125F,1
A125W,1
A125E,0
A125D,0
A125K,0
A125M,1
A125N,0
A125P,0
A125Q,0
A125R,0
A125S,0
A125T,1
A125V,1
A125L,1
A125Y,1
I126T,0
I126D,0
I126E,0
I126G,0
I126H,0
I126K,0
I126L,0
I126N,0
I126P,0
I126Q,0
I126R,0
I126S,0
I126W,0
I126Y,0
F127K,0
F127N,0
F127C,1
F127D,0
F127E,0
F127G,0
F127H,0
F127I,1
F127P,0
F127Y,0
F127W,0
F127V,1
F127S,0
F127R,0
F127Q,0
G128L,1
G128Y,1
G128W,0
G128V,0
G128S,1
G128R,0
G128T,1
G128P,0
G128A,0
G128D,0
G128Q,1
G128F,1
G128I,1
G128K,0
G128M,1
G128N,0
G128H,1
G129Y,0
G129W,0
G129V,0
G129T,0
G129F,0
G129P,0
G129N,0
G129M,0
G129L,0
G129K,0
G129I,0
G129H,0
G129E,0
G129C,0
G129A,1
I130D,0
I130C,1
I130A,1
I130E,0
I130Y,0
I130W,0
I130V,1
I130S,0
I130R,0
I130P,0
I130Q,0
I130M,1
I130L,0
I130K,0
I130H,0
I130G,0
P131S,1
P131Q,0
P131R,0
P131T,0
P131H,0
P131W,0
P131Y,0
P131N,0
P131V,0
P131M,0
P131D,0
P131K,0
P131I,0
P131G,0
P131F,0
P131E,0
P131C,0
P131A,0
L132Y,0
L132W,0
L132A,0
L132T,0
L132M,1
L132N,0
L132P,0
L132Q,0
L132R,0
L132K,0
L132I,0
L132G,0
L132F,0
L132E,0
L132D,0
L132C,0
L132S,0
F133H,0
F133M,1
F133N,0
F133P,0
F133I,1
F133R,1
F133V,1
F133Y,1
F133G,0
F133E,0
F133K,1
F133A,1
F133L,1
F133D,0
Y134D,0
Y134A,0
Y134G,0
Y134H,1
Y134I,0
Y134K,0
Y134M,0
Y134P,0
Y134T,0
Y134S,0
Y134R,0
Y134Q,0
Y134F,0
Y134L,0
Y134E,0
Y134V,0
M135T,0
M135S,0
M135R,0
M135Q,0
M135P,0
M135N,0
M135L,0
M135K,0
M135I,0
M135G,0
M135F,0
M135E,0
M135D,0
M135C,0
M135A,0
M135H,0
M135W,0
M135Y,0
E136R,1
E136A,1
E136P,0
E136N,1
E136M,1
E136L,0
E136K,1
E136H,1
E136D,0
E136S,1
E136T,1
E136Q,1
L137V,1
L137S,1
L137R,0
L137Q,0
L137P,0
L137N,0
L137M,1
L137W,0
L137K,0
L137H,0
L137G,0
L137E,0
L137D,0
L137C,1
L137A,1
L137I,1
L137T,1
A138V,1
A138G,0
A138W,0
A138Y,0
A138R,0
A138I,1
A138K,0
A138L,1
A138N,0
A138P,1
A138S,1
A138C,1
A138D,0
A138E,0
A138Q,0
A138H,0
L139H,0
L139D,0
L139E,0
L139F,0
L139G,0
L139C,0
L139I,1
L139K,0
L139A,0
L139M,1
L139P,0
L139Q,0
L139R,0
L139T,0
L139W,0
L139Y,0
L139N,0
G140K,1
G140A,1
G140T,0
G140I,0
G140H,0
G140Q,0
G140E,0
G140D,0
G140C,0
G140M,0
G140N,0
G140P,0
G140F,1
G140L,1
Q141P,0
Q141Y,0
Q141W,0
Q141V,0
Q141T,1
Q141N,0
Q141R,0
Q141F,0
Q141H,0
Q141G,0
Q141L,0
Q141K,0
Q141E,0
Q141D,0
Q141I,0
Q141A,0
Y142E,0
Y142Q,0
Y142P,0
Y142G,0
Y142I,1
Y142K,1
Y142D,0
Y142L,1
Y142R,1
Y142S,0
Y142T,0
Y142W,0
Y142C,1
H143T,0
H143S,0
H143R,0
H143E,0
H143W,0
H143F,0
H143Q,0
H143P,0
H143N,0
H143M,0
H143L,0
H143K,0
H143I,0
H143A,0
H143C,0
H143G,0
H143V,0
H143D,0
R144Y,0
R144H,0
R144T,0
R144S,0
R144P,0
R144L,0
R144K,1
R144I,0
R144V,0
R144W,0
R144E,0
R144D,0
R144A,0
R144F,0
N145H,0
N145F,1
N145E,1
N145C,1
N145A,1
N145G,1
N145R,1
N145M,1
N145P,0
N145W,0
N145V,1
N145T,1
N145S,1
N145L,1
G146C,0
G146V,0
G146E,0
G146T,0
G146R,0
G146Q,0
G146P,0
G146N,0
G146M,0
G146L,0
G146K,0
G146I,0
G146H,0
G146F,0
G146W,0
G146Y,0
C147N,0
C147P,1
C147R,0
C147S,0
C147T,0
C147V,1
C147Y,1
C147L,0
C147K,0
C147A,1
C147D,0
C147E,0
C147H,0
C147Q,0
I148R,0
I148C,0
I148D,0
I148E,0
I148G,0
I148H,0
I148K,0
I148Y,0
I148L,1
I148W,0
I148V,1
I148T,0
I148S,0
I148M,0
I148Q,0
I148A,0
I148P,0
I148N,0
S149I,0
S149A,1
S149C,0
S149D,0
S149E,0
S149F,0
S149Y,0
S149W,0
S149K,1
S149V,0
S149R,1
S149P,0
S149N,1
S149M,0
S149L,0
S149G,1
S149T,1
I150W,0
I150S,0
I150V,1
I150T,0
I150Y,0
I150Q,0
I150P,0
I150M,1
I150L,1
I150N,0
I150K,0
I150H,0
I150G,0
I150F,0
I150E,0
I150D,0
I150A,0
W151K,0
W151I,0
W151N,0
W151P,0
W151Q,0
W151V,0
W151S,0
W151T,0
W151G,0
W151Y,0
W151H,0
W151R,0
W151F,0
W151L,0
W151E,0
W151D,0
W151C,0
W151A,0
R152Y,0
R152W,0
R152S,1
R152Q,1
R152P,1
R152T,1
R152K,0
R152I,0
R152G,1
R152F,0
R152E,1
R152D,1
R152C,0
R152M,1
R152A,1
K153V,0
K153H,0
K153A,0
K153F,0
K153G,1
K153S,1
K153P,0
K153Q,1
K153N,0
K153M,0
K153L,0
K153I,0
K153Y,0
K153W,0
K153R,1
K153D,0
I154A,0
I154Y,0
I154E,0
I154D,0
I154W,0
I154V,1
I154S,0
I154R,0
I154Q,0
I154C,0
I154P,0
I154K,0
I154H,0
I154G,0
I154F,0
I154N,0
C155W,0
C155V,0
C155H,0
C155T,0
C155A,0
C155D,0
C155F,0
C155G,0
C155I,0
C155E,0
C155L,0
C155M,0
C155N,0
C155P,0
C155Q,0
C155R,0
C155K,0
P156H,0
P156A,0
P156C,0
P156D,0
P156E,0
P156F,0
P156G,0
P156I,0
P156S,0
P156L,0
P156M,0
P156N,0
P156Q,0
P156R,0
P156T,0
P156W,0
P156K,0
P156Y,0
P156V,0
I157Y,0
I157M,1
I157P,0
I157Q,0
I157R,0
I157S,0
I157K,0
I157H,0
I157L,1
I157F,0
I157E,0
I157D,0
I157C,1
I157A,1
I157V,1
F158Q,0
F158V,1
F158T,0
F158S,0
F158R,0
F158P,0
F158L,1
F158M,1
F158Y,1
F158W,0
F158N,0
F158C,1
F158D,0
F158G,0
F158H,0
F158I,1
F158K,0
F158E,0
K159C,1
K159D,0
K159E,1
K159F,0
K159G,1
K159H,0
K159I,0
K159M,1
K159T,0
K159P,0
K159R,0
K159S,1
K159W,0
K159Y,0
K159N,1
G160Q,0
G160P,0
G160N,0
G160M,0
G160C,0
G160K,0
G160A,0
G160S,0
G160D,0
G160F,0
G160L,0
G160T,0
G160I,0
G160W,0
G160H,0
I161N,1
I161M,1
I161C,1
I161L,1
I161K,0
I161D,0
I161E,0
I161F,1
I161P,0
I161T,1
I161S,1
I161R,0
I161W,0
I161A,1
I161Y,0
I161V,1
G162N,0
G162M,0
G162P,0
G162Q,0
G162T,0
G162S,0
G162L,0
G162V,0
G162R,1
G162K,0
G162H,0
G162F,0
G162W,0
G162D,0
G162C,0
G162A,0
G162I,0
G162Y,0
Y163R,0
Y163T,0
Y163V,0
Y163W,1
Y163D,0
Y163P,0
Y163N,0
Y163M,0
Y163L,0
Y163K,0
Y163I,0
Y163H,0
Y163G,0
Y163A,0
Y163Q,0
Y163S,0
Y163E,0
A164F,0
A164G,1
A164H,0
A164I,0
A164K,0
A164L,0
A164N,1
A164P,0
A164Q,1
A164R,0
A164D,0
A164W,0
A164Y,0
I165H,1
I165G,1
I165F,1
I165E,1
I165D,1
I165C,1
I165A,1
I165L,1
I165Y,1
I165P,0
I165R,1
I165S,1
I165T,1
I165V,1
I165W,1
I165N,1
I165M,1
I165K,1
C166I,1
C166W,0
C166V,1
C166K,0
C166Q,0
C166P,0
C166N,0
C166R,0
C166L,1
C166A,0
C166D,0
C166E,0
C166F,1
C166H,0
I167A,1
I167C,1
I167D,0
I167E,0
I167F,1
I167H,0
I167L,1
I167Y,0
I167M,1
I167P,0
I167Q,0
I167N,0
I167T,1
I167V,1
I167W,1
I167S,0
I168N,1
I168T,1
I168S,1
I168R,1
I168Q,1
I168P,0
I168M,1
I168F,0
I168K,1
I168H,1
I168G,1
I168E,1
I168D,1
I168C,1
I168A,1
I168Y,1
A169Y,1
A169W,1
A169G,1
A169P,0
A169S,0
A169R,1
A169Q,1
A169N,1
A169M,1
A169L,1
A169K,1
A169T,1
A169H,1
A169E,1
A169D,1
A169C,1
A169V,1
F170R,0
F170Y,0
F170A,0
F170W,1
F170V,1
F170C,1
F170S,0
F170D,0
F170E,0
F170G,0
F170H,0
F170I,1
F170K,0
F170L,1
F170M,1
F170N,0
F170P,0
F170Q,0
Y171I,1
Y171K,0
Y171M,1
Y171G,0
Y171P,0
Y171Q,1
Y171R,0
Y171S,0
Y171T,1
Y171V,1
Y171W,1
Y171L,1
Y171F,1
Y171C,0
Y171A,0
I172R,1
I172S,1
I172T,1
I172V,1
I172W,1
I172N,1
I172M,1
I172K,1
I172G,1
I172F,1
I172E,1
I172D,1
I172A,1
I172P,0
I172H,1
I172Q,1
A173V,1
A173T,1
A173S,1
A173R,1
A173Q,1
A173P,0
A173L,1
A173K,0
A173I,1
A173H,1
A173W,1
A173E,1
A173D,0
A173C,1
A173F,1
S174L,1
S174M,1
S174N,1
S174R,0
S174T,1
S174K,0
S174I,1
S174A,0
S174C,1
S174D,0
S174Y,0
S174F,1
S174G,0
S174H,0
S174E,0
Y175W,1
Y175V,1
Y175T,1
Y175R,0
Y175Q,0
Y175P,0
Y175M,1
Y175K,0
Y175I,1
Y175H,1
Y175D,0
Y175C,1
Y175A,0
Y175L,1
Y175G,0
Y175N,0
Y176W,1
Y176V,0
Y176C,1
Y176E,1
Y176H,1
Y176I,0
Y176L,0
Y176M,1
Y176N,1
Y176P,0
Y176Q,1
Y176R,1
Y176S,1
Y176K,1
N177Q,1
N177R,0
N177S,1
N177V,1
N177P,0
N177T,1
N177M,1
N177K,1
N177H,1
N177G,1
N177F,1
N177E,1
N177A,1
N177L,1
T178Y,0
T178W,0
T178M,0
T178K,0
T178L,0
T178N,1
T178Q,0
T178R,0
T178F,0
T178E,0
T178D,0
T178C,1
T178A,1
T178I,1
T178H,0
I179G,0
I179E,0
I179D,0
I179C,0
I179A,0
I179W,0
I179H,0
I179K,0
I179L,1
I179Y,0
I179N,1
I179P,0
I179Q,0
I179R,0
I179T,0
M180Q,0
M180R,1
M180S,1
M180T,1
M180V,1
M180W,0
M180Y,0
M180H,0
M180I,1
M180P,0
M180F,0
M180E,0
M180D,0
M180C,1
M180A,1
M180K,0
A181Y,0
A181R,0
A181Q,0
A181P,0
A181N,0
A181M,0
A181L,0
A181K,0
A181W,0
A181I,0
A181H,0
A181G,0
A181F,0
A181E,0
A181D,0
A181C,0
A181S,0
W182N,0
W182D,0
W182P,0
W182Q,1
W182S,0
W182V,0
W182M,0
W182Y,1
W182K,0
W182H,1
W182G,0
W182F,0
W182L,0
W182A,0
A183C,0
A183E,0
A183F,0
A183Y,0
A183W,0
A183R,0
A183Q,0
A183P,1
A183N,0
A183M,0
A183L,0
A183K,0
A183D,0
A183H,0
L184A,1
L184Q,0
L184R,1
L184S,1
L184T,1
L184V,1
L184W,0
L184Y,0
L184C,1
L184D,0
L184N,0
L184M,1
L184K,0
L184I,1
L184H,0
L184G,1
L184P,1
L184F,1
L184E,0
Y185A,0
Y185W,0
Y185V,0
Y185T,0
Y185S,1
Y185R,0
Y185P,0
Y185N,0
Y185M,1
Y185L,1
Y185K,0
Y185H,1
Y185G,0
Y185E,0
Y186E,0
Y186F,1
Y186I,0
Y186K,0
Y186D,0
Y186L,0
Y186H,1
Y186N,0
Y186P,0
Y186Q,0
Y186R,0
Y186S,1
Y186T,1
Y186V,0
Y186M,1
L187K,0
L187Y,0
L187W,1
L187V,0
L187T,0
L187S,0
L187R,0
L187Q,0
L187P,0
L187M,1
L187H,0
L187G,0
L187F,0
L187E,0
L187D,0
L187I,0
I188W,1
I188V,1
I188R,0
I188S,0
I188Y,0
I188D,0
I188G,0
I188H,0
I188M,1
I188N,1
I188P,0
I188E,0
I188F,1
I188Q,0
S189M,1
S189W,1
S189Q,1
S189P,0
S189N,1
S189L,1
S189H,1
S189G,1
S189E,1
S189D,1
S189C,1
S189A,1
S189K,0
S190P,0
S190Q,0
S190W,0
S190Y,0
S190M,0
S190L,0
S190N,0
S190I,0
S190K,0
S190C,1
S190D,0
S190E,0
S190H,0
S190F,0
F191D,0
F191E,0
F191G,0
F191Y,1
F191W,1
F191V,1
F191R,0
F191Q,0
F191P,0
F191M,1
F191H,0
F191K,0
F191N,0
F191A,1
F191C,1
T192C,1
T192W,0
T192Y,0
T192S,1
T192R,1
T192Q,1
T192P,1
T192N,1
T192M,0
T192L,0
T192K,1
T192I,1
T192G,1
T192F,0
T192E,1
D193S,1
D193C,0
D193V,1
D193W,1
D193Y,1
D193Q,1
D193R,1
D193H,1
D193G,1
D193F,1
D193A,1
D193P,1
Q194Y,0
Q194N,1
Q194M,0
Q194L,0
Q194K,1
Q194T,1
Q194W,0
Q194H,1
Q194G,0
Q194E,1
Q194D,1
Q194C,1
Q194I,0
Q194V,0
L195A,0
L195C,0
L195Y,0
L195W,0
L195V,0
L195T,0
L195D,0
L195R,0
L195Q,0
L195P,0
L195N,0
L195G,0
L195E,0
L195H,0
L195I,0
L195K,0
P196A,0
P196C,0
P196D,0
P196E,0
P196F,0
P196G,0
P196H,0
P196I,0
P196K,0
P196W,0
P196M,0
P196N,0
P196Q,0
P196R,0
P196S,0
P196T,0
P196V,0
P196Y,0
W197G,0
W197F,1
W197A,0
W197D,0
W197C,0
W197H,0
W197E,0
W197I,0
W197P,0
W197L,0
W197M,0
W197N,0
W197Q,0
W197S,0
W197T,0
W197V,0
W197K,0
T198D,1
T198A,1
T198W,0
T198S,1
T198P,0
T198N,1
T198M,1
T198L,1
T198I,1
T198H,1
T198G,1
T198C,0
S199A,1
S199W,0
S199E,0
S199F,0
S199G,1
S199H,1
S199I,0
S199Y,0
S199L,0
S199P,0
S199Q,1
S199R,1
S199T,0
S199K,1
C200L,0
C200Y,0
C200W,0
C200V,0
C200T,0
C200S,0
C200R,0
C200Q,0
C200P,0
C200K,0
C200M,0
C200A,0
C200D,0
C200E,0
C200F,0
C200H,0
C200I,0
C200N,0
K201G,1
K201A,1
K201D,1
K201I,1
K201E,1
K201L,1
K201F,1
K201N,0
K201Y,1
K201W,1
K201V,1
K201M,1
K201R,1
K201Q,1
K201P,0
K201S,1
N202Y,1
N202W,0
N202V,0
N202T,1
N202S,1
N202R,0
N202Q,1
N202M,0
N202L,0
N202K,1
N202A,0
N202H,1
N202G,0
N202E,1
N202P,0
N202I,1
N202C,0
N202D,0
S203R,0
S203Q,0
S203P,1
S203I,0
S203H,0
S203D,0
S203C,0
S203A,0
S203T,0
S203Y,0
W204V,0
W204E,0
W204G,0
W204H,0
W204I,0
W204K,0
W204L,0
W204M,0
W204N,0
W204P,0
W204Q,0
W204R,0
W204S,0
W204T,0
W204D,0
W204A,0
W204C,0
N205C,0
N205W,0
N205T,0
N205S,0
N205R,0
N205Q,0
N205P,0
N205A,0
N205M,0
N205K,0
N205I,0
N205H,1
N205G,0
N205F,0
N205E,0
N205D,1
N205L,0
N205Y,1
N205V,0
T206N,1
T206V,0
T206S,1
T206R,0
T206Q,0
T206P,0
T206M,0
T206L,0
T206K,0
T206I,1
T206G,0
T206F,0
T206W,0
T206Y,0
T206E,0
T206D,0
T206C,0
T206A,0
T206H,0
G207T,0
G207S,0
G207C,0
G207E,1
G207I,0
G207M,0
G207N,1
G207P,0
G207Q,0
G207R,1
G207L,0
N208K,1
N208A,0
N208L,0
N208H,0
N208G,0
N208F,0
N208E,0
N208P,0
N208V,0
N208T,0
N208S,0
N208R,0
N208Q,1
N208C,0
N208M,0
N208W,0
C209A,0
C209L,0
C209E,0
C209F,0
C209G,0
C209H,0
C209M,0
C209D,0
C209P,0
C209Q,0
C209R,0
C209S,0
C209T,0
C209V,0
C209W,0
C209I,0
C209N,0
C209K,0
T210A,0
T210C,0
T210D,0
T210E,0
T210G,0
T210L,0
T210P,0
T210N,1
T210M,0
T210S,1
T210V,0
T210W,0
T210Y,0
T210R,0
T210F,0
T210I,1
T210Q,0
N211G,1
N211C,1
N211A,0
N211F,0
N211V,0
N211Y,0
N211L,1
N211M,0
N211P,0
N211Q,0
N211R,0
N211I,1
Y212W,0
Y212F,1
Y212E,0
Y212D,0
Y212C,0
Y212A,0
Y212H,1
Y212I,0
Y212G,0
Y212L,1
Y212T,0
Y212K,0
Y212R,0
Y212P,1
Y212N,0
Y212Q,0
F213D,0
F213E,0
F213G,0
F213H,0
F213I,0
F213L,1
F213M,0
F213P,0
F213T,0
F213V,0
F213N,0
F213Q,0
F213A,0
F213C,1
S214R,1
S214Q,1
S214P,1
S214N,0
S214L,1
S214V,0
S214Y,0
S214H,0
S214F,1
S214E,0
S214D,0
S214C,0
S214A,0
S214I,1
S214W,1
E215C,1
E215A,0
E215W,1
E215T,0
E215Q,1
E215P,0
E215V,1
E215M,0
E215N,0
E215F,0
E215G,1
E215D,1
E215I,0
E215K,0
E215H,0
D216W,0
D216P,0
D216R,0
D216Q,0
D216N,1
D216I,0
D216L,0
D216K,0
D216G,1
D216E,1
D216A,1
D216M,0
D216C,0
D216Y,1
N217P,1
N217S,1
N217R,1
N217A,1
N217C,1
N217D,1
N217F,0
N217G,1
N217W,1
N217K,0
N217H,1
N217M,1
N217L,1
N217Y,1
I218Q,1
I218E,1
I218G,1
I218H,1
I218C,1
I218Y,1
I218W,1
I218S,0
I218T,1
I218K,1
I218N,0
I218R,1
I218V,1
I218A,1
T219S,0
T219V,1
T219R,1
T219Q,1
T219P,1
T219A,0
T219D,1
T219E,1
T219F,1
T219G,1
T219H,1
T219K,1
T219L,1
T219M,1
T219N,0
T219W,1
W220A,0
W220M,1
W220N,1
W220H,0
W220Q,0
W220G,1
W220E,0
W220D,0
W220S,1
W220T,0
W220V,0
W220K,1
W220I,1
T221K,1
T221L,1
T221I,1
T221H,1
T221G,1
T221F,1
T221N,1
T221E,1
T221D,1
T221C,1
T221P,0
T221Y,1
T221R,1
T221S,1
T221W,1
T221Q,1
L222W,1
L222M,1
L222K,1
L222I,1
L222H,1
L222S,1
L222R,0
L222Q,1
L222A,1
L222D,1
L222V,1
L222E,1
L222F,1
L222G,1
L222P,1
L222C,0
H223Q,0
H223S,1
H223T,1
H223V,1
H223W,1
H223N,0
H223P,0
H223L,1
H223I,1
H223F,1
H223M,1
H223A,1
H223D,0
S224A,1
S224R,1
S224T,1
S224V,1
S224W,1
S224N,1
S224M,1
S224L,1
S224K,1
S224I,1
S224H,1
S224G,1
T225N,0
T225M,1
T225K,0
T225D,0
T225E,0
T225H,0
T225G,0
T225F,0
T225V,1
T225L,1
T225C,1
S226P,0
S226W,1
S226Y,0
S226H,0
S226G,1
S226F,1
S226E,0
S226D,0
S226A,0
S226I,0
S226L,0
S226M,0
S226N,0
S226Q,0
S226T,1
S226V,0
S226K,0
P227L,0
P227M,0
P227N,0
P227Q,0
P227V,0
P227T,0
P227K,0
P227W,0
P227Y,0
P227R,0
P227I,0
P227E,0
P227G,0
P227F,0
P227D,0
P227C,0
P227A,0
P227H,0
A228H,0
A228K,0
A228G,0
A228F,0
A228E,0
A228D,0
A228L,0
A228I,0
A228N,0
A228R,0
A228W,0
A228Q,0
A228P,0
A228Y,0
E229T,1
E229S,1
E229Q,1
E229P,0
E229N,0
E229Y,1
E229L,1
E229K,1
E229I,1
E229H,1
E229G,0
E229F,1
E229D,1
E229M,1
E230Y,0
E230W,0
E230R,0
E230V,0
E230Q,0
E230P,0
E230M,0
E230K,0
E230S,0
E230A,0
E230C,0
E230L,0
E230T,0
E230G,0
E230H,0
E230I,0
E230F,0
F231P,0
F231Q,0
F231Y,1
F231W,0
F231V,0
F231T,0
F231N,0
F231D,0
F231R,0
F231A,0
F231C,0
F231E,0
F231H,0
F231I,0
F231G,0
F231L,0
F231M,0
F231S,0
F231K,0
Y232P,0
Y232C,0
Y232T,0
Y232S,0
Y232R,0
Y232N,0
Y232G,0
Y232E,0
Y232F,1
Y232L,1
Y232K,0
Y232V,1
Y232I,0
Y232M,1
Y232D,0
T233G,0
T233A,0
T233C,1
T233D,0
T233E,1
T233F,1
T233P,1
T233H,1
T233I,1
T233Y,1
T233W,1
T233V,1
T233S,1
T233R,1
T233Q,1
T233N,1
T233M,1
T233L,1
R234H,0
R234G,0
R234E,0
R234D,0
R234F,1
R234L,1
R234V,0
R234P,0
R234Q,1
R234S,0
R234T,0
R234C,0
R234W,0
R234Y,1
R234A,0
H235Q,0
H235P,0
H235F,0
H235D,0
H235C,0
H235A,1
H235R,0
H235L,1
H235N,0
H235K,1
H235T,0
H235V,1
H235W,0
V236T,0
V236Y,0
V236W,0
V236S,0
V236Q,0
V236P,0
V236N,0
V236R,0
V236L,1
V236M,1
V236D,0
V236G,0
V236I,1
V236K,0
V236F,0
L237T,0
L237A,1
L237C,1
L237D,0
L237Y,0
L237W,0
L237V,0
L237S,0
L237G,0
L237E,0
L237R,0
L237H,0
L237F,0
L237I,0
L237M,0
L237N,0
L237P,1
L237K,0
Q238H,0
Q238D,0
Q238C,0
Q238A,0
Q238G,0
Q238F,0
Q238I,0
Q238E,0
Q238M,0
Q238V,0
Q238T,0
Q238R,0
Q238P,0
Q238N,0
Q238Y,0
Q238W,0
Q238S,0
Q238L,0
I239A,0
I239K,0
I239D,0
I239L,1
I239E,0
I239G,0
I239P,0
I239Q,0
I239Y,0
I239W,0
I239V,0
I239T,1
I239S,0
I239R,0
I239H,0
H240M,0
H240L,0
H240C,0
H240I,0
H240G,0
H240F,1
H240E,0
H240N,0
H240P,0
H240D,0
H240Q,0
H240S,0
H240A,0
H240W,0
H240V,0
H240T,0
R241Y,0
R241V,0
R241T,0
R241S,0
R241A,0
R241C,0
R241D,0
R241E,0
R241F,0
R241P,0
R241K,1
R241L,1
R241G,0
R241I,0
S242C,0
S242E,0
S242F,0
S242G,0
S242H,0
S242I,0
S242K,0
S242D,0
S242L,0
S242N,0
S242P,0
S242Q,0
S242R,0
S242T,0
S242V,0
S242M,0
S242W,0
S242A,1
S242Y,0
K243D,1
K243E,0
K243F,1
K243G,1
K243H,1
K243I,0
K243L,1
K243Y,1
K243W,0
K243P,1
K243S,1
K243T,1
K243V,1
K243C,1
K243N,0
K243M,1
K243A,1
G244F,0
G244L,0
G244M,0
G244N,0
G244P,0
G244Q,0
G244R,0
G244S,0
G244H,0
G244I,0
G244T,0
G244V,0
G244W,0
G244Y,0
G244A,0
G244C,0
G244D,0
G244E,0
G244K,0
L245T,0
L245M,0
L245Y,0
L245D,0
L245S,0
L245K,0
L245H,0
L245G,0
L245F,1
L245E,0
L245W,0
L245R,0
L245A,0
L245Q,0
L245C,0
L245N,0
Q246G,1
Q246E,0
Q246D,1
Q246A,1
Q246Y,1
Q246H,1
Q246V,1
Q246K,0
Q246T,1
Q246P,1
Q246W,1
Q246S,1
Q246R,1
Q246I,1
Q246L,1
Q246M,1
D247C,1
D247E,0
D247F,1
D247A,1
D247W,0
D247H,0
D247S,1
D247R,0
D247Q,0
D247N,1
D247M,0
D247P,0
D247V,0
D247T,0
L248R,0
L248C,0
L248E,0
L248G,0
L248H,0
L248I,1
L248K,0
L248M,0
L248N,0
L248P,1
L248S,0
L248T,0
L248V,0
L248W,0
L248Y,0
L248Q,0
G249Y,1
G249W,0
G249V,0
G249T,0
G249S,1
G249P,0
G249M,0
G249F,0
G249K,0
G249I,0
G249H,1
G249E,0
G249L,0
G250S,1
G250R,0
G250P,0
G250W,1
G250T,0
G250F,0
G250D,1
G250C,0
G250A,1
G250K,1
G250H,0
I251D,0
I251E,0
I251F,0
I251G,0
I251H,0
I251M,0
I251P,0
I251Q,0
I251R,0
I251S,0
I251V,1
I251W,1
I251L,1
I251K,0
S252A,1
S252W,0
S252T,0
S252P,0
S252C,1
S252D,0
S252E,0
S252F,0
S252N,1
S252H,1
S252K,1
S252L,0
W253T,1
W253E,0
W253C,0
W253A,1
W253K,0
W253I,0
W253V,1
W253M,0
W253N,1
W253P,1
W253Q,0
W253R,1
W253S,0
W253Y,1
W253L,0
Q254S,1
Q254D,0
Q254W,0
Q254P,1
Q254V,0
Q254T,1
Q254H,0
Q254L,0
Q254K,0
Q254F,0
Q254E,1
Q254M,1
Q254C,0
Q254Y,0
L255Y,0
L255W,0
L255T,0
L255S,0
L255A,0
L255C,0
L255D,0
L255F,1
L255I,1
L255K,0
L255M,1
L255N,0
L255G,0
L255Q,0
L255E,0
A256L,1
A256C,1
A256D,0
A256E,0
A256F,1
A256M,1
A256N,0
A256R,0
A256Q,1
A256T,1
A256H,0
A256I,1
A256K,0
A256V,1
A256P,1
L257F,1
L257H,0
L257I,1
L257T,1
L257K,0
L257W,1
L257V,1
L257G,1
L257Y,1
L257D,0
L257C,1
L257A,1
L257M,1
L257R,0
L257Q,1
L257P,1
L257S,1
L257N,0
C258A,1
C258S,1
C258T,0
C258V,0
C258W,0
C258D,0
C258E,0
C258F,0
C258H,0
C258M,1
C258G,0
C258K,0
I259A,1
I259Y,1
I259V,1
I259T,1
I259S,1
I259Q,1
I259P,0
I259N,1
I259L,1
I259H,1
I259C,1
I259E,1
I259G,1
I259W,1
M260E,0
M260K,1
M260H,0
M260G,1
M260P,0
M260F,1
M260L,1
M260Y,0
M260R,0
M260S,1
M260D,0
M260A,1
M260N,0
M260T,1
L261T,1
L261S,1
L261A,1
L261C,1
L261D,0
L261W,1
L261E,0
L261R,0
L261G,1
L261H,0
L261I,1
L261Q,0
L261M,1
L261P,1
L261N,0
L261V,1
L261K,0
L261F,1
L261Y,0
I262V,1
I262S,0
I262R,0
I262P,1
I262M,1
I262L,1
I262N,0
I262H,0
I262F,0
I262E,0
I262D,0
I262C,1
I262A,0
I262K,0
F263C,1
F263D,0
F263E,1
F263Y,1
F263V,0
F263S,1
F263R,0
F263Q,0
F263H,1
F263P,0
F263N,0
F263M,1
F263T,1
T264Y,0
T264W,1
T264P,1
T264S,1
T264F,1
T264E,0
T264D,0
T264G,1
T264H,1
T264K,0
T264L,1
T264N,0
T264Q,0
T264R,0
T264I,1
T264V,1
V265H,0
V265I,1
V265C,0
V265A,1
V265K,0
V265P,0
V265R,0
V265T,1
V265Y,0
V265D,0
I266Q,0
I266A,1
I266Y,0
I266W,0
I266S,0
I266P,0
I266N,1
I266V,0
I266M,1
I266F,0
I266G,1
I266D,0
I266K,1
I266L,1
I266H,1
Y267L,1
Y267M,1
Y267F,1
Y267P,0
Y267Q,0
Y267R,0
Y267T,1
Y267W,1
Y267E,0
Y267D,0
Y267K,0
Y267V,0
Y267I,0
Y267N,0
Y267G,1
Y267H,1
F268G,1
F268H,0
F268I,0
F268K,0
F268M,1
F268N,0
F268P,0
F268Q,0
F268R,0
F268V,0
F268W,1
F268E,0
F268D,0
F268A,1
S269Q,0
S269P,1
S269N,0
S269M,1
S269L,1
S269K,1
S269I,1
S269H,1
S269G,1
S269E,0
S269A,1
S269T,1
S269V,1
I270T,1
I270V,0
I270A,1
I270D,0
I270P,0
I270N,0
I270S,0
I270E,0
I270F,1
I270G,0
I270H,0
I270L,1
I270M,0
W271G,0
W271Q,0
W271P,0
W271N,0
W271I,0
W271H,0
W271C,0
W271D,0
W271F,0
W271T,0
K272I,0
K272R,1
K272Q,0
K272N,0
K272G,0
K272V,0
K272F,1
K272D,0
K272E,0
K272W,0
G273C,0
G273K,0
G273I,0
G273H,0
G273F,0
G273T,0
G273V,0
G273R,1
G273N,0
G273M,0
G273L,0
G273W,0
G273Y,0
V274R,1
V274G,0
V274H,1
V274I,0
V274L,0
V274M,1
V274D,0
V274F,0
V274S,1
V274T,1
V274W,0
V274N,0
V274P,1
K275P,0
K275Q,0
K275R,0
K275S,0
K275T,0
K275A,1
K275Y,1
K275N,0
K275M,0
K275L,0
K275I,0
K275H,1
K275G,0
K275F,0
K275E,0
K275D,0
K275C,0
T276A,0
T276C,1
T276D,0
T276E,0
T276F,0
T276I,1
T276G,1
T276H,0
T276Y,0
T276V,1
T276R,0
T276P,0
T276N,0
T276M,1
T276L,1
T276K,0
S277N,1
S277W,1
S277V,1
S277T,0
S277R,1
S277Q,0
S277M,0
S277Y,1
S277A,0
S277C,1
S277D,0
S277E,1
S277F,1
S277H,0
S277L,1
G278W,0
G278V,1
G278R,1
G278P,1
G278M,1
G278K,1
G278E,0
G278D,0
G278A,1
G278Q,1
G278C,0
K279G,0
K279C,0
K279Y,0
K279T,0
K279R,1
K279Q,0
K279P,0
K279S,0
K279M,0
K279L,0
K279I,0
K279H,0
K279F,0
K279E,0
K279D,0
K279N,0
V280N,0
V280T,1
V280R,1
V280P,0
V280C,1
V280K,1
V280I,1
V280G,0
V280F,1
V280E,0
V280D,0
V280L,1
V280Y,1
V281C,1
V281R,1
V281S,1
V281Q,1
V281L,1
V281H,1
V281E,0
V281D,0
V281A,1
V281Y,0
V281M,1
W282R,1
W282Q,0
W282P,0
W282M,1
W282T,0
W282I,0
W282G,0
W282F,0
W282E,0
W282D,0
W282K,1
W282V,0
W282C,0
V283D,0
V283A,1
V283E,0
V283F,1
V283H,0
V283I,1
V283K,0
V283N,0
V283P,0
V283Q,0
V283R,0
V283S,0
V283T,0
T284H,1
T284S,1
T284R,0
T284Q,0
T284P,0
T284W,0
T284K,0
T284I,0
T284D,0
T284G,0
T284E,0
T284L,0
A285W,0
A285G,1
A285I,0
A285K,0
A285L,0
A285M,0
A285C,1
A285D,0
A285R,1
A285S,1
A285F,0
A285E,0
A285P,0
A285N,0
T286E,0
T286F,1
T286A,0
T286G,1
T286H,0
T286I,1
T286K,0
T286L,1
T286M,1
T286N,0
T286P,0
T286R,0
T286Q,0
T286V,1
T286W,0
T286Y,0
T286D,0
T286C,1
T286S,0
F287S,1
F287V,0
F287R,0
F287M,1
F287P,0
F287Q,0
F287A,1
F287D,0
F287E,0
F287G,1
F287C,0
F287I,1
F287K,0
F287L,0
F287N,0
F287H,0
P288L,0
P288D,0
P288E,0
P288G,0
P288I,0
P288K,1
P288M,0
P288V,0
P288R,0
P288Y,1
P288C,0
P288N,0
P288A,0
Y289V,1
Y289T,1
Y289N,0
Y289M,1
Y289L,1
Y289S,1
Y289I,1
Y289W,1
Y289E,0
Y289R,0
Y289C,0
Y289D,0
Y289F,1
Y289Q,0
I290Q,0
I290S,0
I290T,1
I290Y,0
I290R,0
I290V,1
I290P,0
I290A,1
I290D,0
I290E,0
I290F,1
I290G,0
I290H,0
I290K,0
I290L,1
I290M,0
I290N,0
I291A,1
I291N,0
I291M,0
I291Y,0
I291R,0
I291C,1
I291D,0
I291E,0
I291F,1
I291G,1
I291H,0
I291P,0
I291L,1
I291V,1
I291S,1
I291T,1
L292Y,0
L292Q,1
L292R,0
L292S,0
L292T,0
L292V,0
L292W,1
L292N,0
L292K,0
L292F,1
L292D,0
L292C,0
L292A,0
L292I,1
L292M,1
R298C,0
R298Y,0
R298D,0
R298E,0
R298G,0
R298H,0
R298I,0
R298W,0
R298L,0
R298M,0
R298N,0
R298P,0
R298Q,0
R298S,0
R298T,0
R298V,0
R298F,0
R298A,0
G299E,0
G299A,0
G299Y,0
G299W,0
G299V,0
G299S,0
G299R,0
G299Q,0
G299P,0
G299N,0
G299M,0
G299T,0
G299K,0
G299I,0
G299H,0
G299F,0
G299D,0
G299C,0
G299L,0
A300V,1
A300R,0
A300Q,0
A300P,0
A300N,0
A300K,0
A300L,1
A300I,1
A300H,0
A300G,0
A300F,1
A300E,0
A300D,0
A300W,0
A300Y,0
A300C,1
T301S,0
T301V,0
T301C,0
T301D,0
T301E,0
T301F,0
T301G,0
T301Y,0
T301I,0
T301H,0
T301R,0
T301W,0
T301P,0
T301M,0
T301L,0
T301K,0
T301N,0
L302Q,0
L302P,0
L302N,0
L302M,0
L302K,0
L302H,0
L302G,0
L302F,0
L302D,0
L302C,0
L302A,0
L302I,0
L302E,0
L302S,0
L302Y,0
L302W,0
L302V,0
L302T,0
L302R,0
P303E,0
P303V,0
P303T,0
P303S,0
P303Q,0
P303L,0
P303M,0
P303W,0
P303I,0
P303G,0
P303N,0
P303F,0
P303Y,0
P303D,0
P303C,0
P303A,0
G304F,0
G304D,0
G304C,0
G304A,0
G304I,0
G304K,0
G304L,0
G304M,0
G304P,0
G304Q,0
G304S,0
G304T,0
G304V,0
G304W,0
G304Y,0
G304N,0
G304H,0
A305C,0
A305D,0
A305M,0
A305G,0
A305H,0
A305I,0
A305K,0
A305L,0
A305F,0
A305N,0
A305P,0
A305Q,0
A305R,0
A305S,0
A305E,0
A305T,0
A305V,0
A305W,0
A305Y,0
W306G,0
W306A,0
W306V,0
W306T,0
W306Q,0
W306D,0
W306P,0
W306E,0
W306Y,1
W306K,0
W306I,0
W306H,0
W306C,0
W306N,0
R307Y,0
R307D,0
R307V,0
R307C,0
R307F,0
R307G,0
R307H,0
R307I,0
R307W,0
R307K,1
R307M,0
R307N,1
R307P,0
R307E,0
R307L,0
R307Q,1
G308F,0
G308Y,0
G308W,0
G308A,0
G308C,0
G308H,0
G308I,0
G308K,0
G308L,0
G308M,0
G308D,0
G308P,0
G308Q,0
G308R,0
G308S,0
G308T,0
G308E,0
G308N,0
G308V,0
V309N,0
V309Q,0
V309T,0
V309S,0
V309W,0
V309Y,0
V309K,0
V309R,0
V309I,0
V309P,0
V309G,0
V309F,0
V309E,0
V309D,0
V309C,0
V309A,1
V309H,0
L310S,1
L310T,0
L310V,1
L310W,1
L310K,1
L310G,1
L310R,1
L310F,1
L310E,1
L310D,1
L310C,1
L310A,1
L310Y,1
L310I,1
L310Q,1
F311A,0
F311I,1
F311N,0
F311P,0
F311Q,0
F311R,0
F311T,0
F311V,0
F311W,0
F311Y,0
F311C,0
F311K,0
F311D,0
F311H,0
F311G,0
F311E,0
Y312V,0
Y312A,0
Y312D,0
Y312E,0
Y312F,1
Y312I,0
Y312G,0
Y312L,0
Y312M,0
Y312W,0
Y312Q,0
Y312R,0
Y312K,0
Y312S,0
Y312T,0
L313F,0
L313E,0
L313A,0
L313C,0
L313G,0
L313D,0
L313I,0
L313N,0
L313Q,0
L313S,0
L313W,0
L313Y,0
L313K,0
W326L,0
W326E,0
W326I,0
W326G,0
W326H,0
W326F,0
W326D,0
W326P,0
W326A,0
W326N,0
W326Q,0
W326R,0
W326S,0
W326T,0
W326V,0
W326Y,0
W326M,0
I327S,1
I327M,1
I327L,0
I327G,0
I327A,0
D328E,0
D328F,0
D328G,0
D328H,1
D328I,0
D328K,1
D328L,0
D328M,0
D328P,0
D328Q,1
D328S,1
D328T,1
D328V,0
D328W,0
D328A,1
D328N,1
D328C,0
A329P,0
A329Q,0
A329N,0
A329S,1
A329T,0
A329V,0
A329W,0
A329Y,0
A329M,0
A329R,0
A329K,0
A329I,0
A329H,0
A329G,0
A329F,0
A329E,0
A329C,0
A329D,0
A329L,0
A330S,1
A330R,0
A330Q,0
A330N,0
A330K,0
A330L,0
A330I,0
A330H,0
A330G,1
A330T,1
A330V,0
A330E,0
A330W,0
A330C,1
A330D,0
A331Y,1
A331G,1
A331H,1
A331I,1
A331K,1
A331M,1
A331P,0
A331C,1
A331R,1
A331S,1
A331V,1
A331Q,1
A331E,0
Q332C,1
Q332A,0
Q332D,0
Q332F,0
Q332G,0
Q332H,1
Q332K,0
Q332N,0
Q332R,0
Q332T,1
Q332W,0
Q332Y,0
I333Q,1
I333A,1
I333C,1
I333D,0
I333E,0
I333G,1
I333M,1
I333H,1
I333K,0
I333L,1
I333R,0
I333S,1
I333P,0
I333V,1
I333W,1
I333Y,1
I333T,1
F334T,1
F334S,1
F334R,1
F334Q,1
F334P,0
F334A,1
F334C,1
F334E,0
F334G,1
F334K,0
F334L,1
F334M,1
F334Y,1
F334N,0
F334D,0
F334W,0
F335W,1
F335C,1
F335V,1
F335T,1
F335N,1
F335M,1
F335Y,1
F335H,1
F335G,1
F335E,0
F335D,0
F335A,1
F335L,1
S336E,1
S336W,0
S336Y,0
S336C,1
S336F,1
S336G,1
S336I,0
S336M,0
S336N,1
S336P,1
S336Q,1
S336R,1
S336T,1
S336V,0
S336L,0
L337G,1
L337H,1
L337I,0
L337K,1
L337M,1
L337T,1
L337R,1
L337S,1
L337V,1
L337W,1
L337F,1
L337Q,1
L337E,0
L337N,1
L337A,1
G338L,0
G338E,0
G338F,0
G338H,0
G338I,0
G338K,1
G338A,0
G338M,0
G338P,0
G338Q,0
G338R,1
G338S,1
G338T,1
G338V,0
G338Y,1
P339M,0
P339K,1
P339I,0
P339L,0
P339T,0
P339Q,0
P339W,0
P339Y,0
P339G,1
P339F,0
P339E,0
P339D,0
P339V,0
G340V,1
G340T,0
G340Q,0
G340P,0
G340N,1
G340M,0
G340C,1
G340K,0
G340I,0
G340H,1
G340F,0
G340E,0
G340A,0
G340W,0
G340L,0
G340Y,0
F341W,1
F341K,1
F341R,1
F341P,1
F341N,1
F341M,1
F341V,1
F341I,0
F341G,1
F341E,1
F341C,1
F341A,1
F341Y,0
F341S,1
F341T,1
G342F,0
G342S,0
G342M,0
G342T,0
G342R,1
G342Q,0
G342P,0
G342Y,0
G342L,0
G342K,0
G342I,0
G342C,0
G342D,0
V343Y,1
V343C,1
V343G,1
V343F,1
V343H,1
V343M,1
V343L,1
V343Q,0
V343R,1
V343S,1
V343T,1
V343A,1
V343N,1
V343I,1
L344Y,1
L344W,1
L344V,1
L344T,1
L344Q,1
L344A,1
L344C,1
L344D,1
L344F,1
L344G,1
L344S,1
L344I,1
L344K,1
L344M,1
L344N,1
L344P,1
L344R,1
L344H,1
L345V,1
L345I,1
L345T,1
L345A,1
L345C,1
L345D,0
L345W,1
L345G,1
L345F,1
L345K,1
L345P,1
L345R,1
L345S,1
L345H,1
L345Y,0
A346M,1
A346N,0
A346Y,0
A346S,1
A346T,1
A346W,0
A346L,0
A346R,1
A346K,1
A346G,1
A346F,0
A346D,0
A346C,1
A346I,0
F347D,1
F347E,1
F347G,1
F347H,0
F347K,1
F347L,1
F347M,1
F347Q,1
F347C,1
F347R,1
F347S,1
F347T,1
F347V,1
F347A,1
A348W,0
A348Y,0
A348F,0
A348S,1
A348E,0
A348G,1
A348H,0
A348I,0
A348L,0
A348M,0
A348N,1
A348P,1
A348Q,1
A348R,1
A348K,1
S349P,0
S349Q,1
S349V,0
S349T,1
S349M,0
S349R,1
S349K,0
S349H,0
S349G,1
S349F,0
S349A,0
S349D,0
S349W,0
S349I,1
S349Y,0
S349L,0
Y350D,1
Y350G,1
Y350K,1
Y350C,1
Y350N,1
Y350P,1
Y350Q,0
Y350R,1
Y350S,1
Y350T,1
Y350V,0
N351A,0
N351E,1
N351F,0
N351P,1
N351K,1
N351L,0
N351M,0
N351Q,0
N351R,1
N351V,0
N351W,0
K352C,0
K352Y,0
K352W,0
K352V,0
K352R,1
K352Q,1
K352P,1
K352N,0
K352I,0
K352G,1
K352F,0
K352E,1
K352D,1
K352H,1
F353Y,1
F353W,1
F353T,1
F353S,1
F353R,1
F353Q,1
F353P,1
F353A,1
F353H,1
F353G,1
F353E,1
F353C,1
F353V,1
N354Q,1
N354R,1
N354V,0
N354G,1
N354C,0
N354E,1
N354F,0
N354T,1
N354W,0
N354H,1
N354K,0
N354L,0
N354P,1
N355W,1
N355S,1
N355R,1
N355Q,0
N355P,0
N355M,1
N355L,0
N355I,1
N355G,1
N355F,0
N355K,1
N355Y,0
N356L,0
N356T,0
N356R,0
N356Q,0
N356P,0
N356M,0
N356K,0
N356H,0
N356G,0
N356F,0
N356E,0
N356C,0
N356A,0
N356W,0
N356Y,0
N356V,0
C357Q,0
C357N,0
C357W,0
C357V,1
C357T,0
C357A,1
C357M,1
C357L,1
C357R,0
C357I,1
C357H,0
C357G,0
C357F,1
C357P,0
C357E,0
C357K,0
C357D,0
Y358P,0
Y358N,0
Y358L,1
Y358K,1
Y358E,0
Y358G,0
Y358I,0
Y358R,0
Y358T,0
Y358V,0
Y358W,1
Y358A,1
Y358D,0
Y358M,1
Y358S,0
Q359G,1
Q359I,1
Q359F,1
Q359D,0
Q359K,0
Q359C,1
Q359Y,1
Q359W,1
Q359V,1
Q359T,1
Q359S,1
Q359R,1
Q359P,0
Q359M,1
Q359L,1
Q359A,1
D360L,1
D360Y,1
D360K,1
D360W,1
D360T,1
D360S,1
D360R,1
D360Q,1
D360P,0
D360N,1
D360M,1
D360A,1
D360C,1
D360F,1
D360G,1
D360H,1
D360V,1
D360I,1
A361K,0
A361W,0
A361Y,0
A361G,0
A361F,0
A361E,0
A361M,1
A361D,0
A361P,0
A361Q,0
A361R,0
A361N,0
A361H,0
L362D,0
L362M,1
L362E,0
L362G,0
L362H,0
L362K,0
L362Q,0
L362R,0
L362S,0
L362T,0
L362V,1
L362A,0
L362N,0
V363F,1
V363D,0
V363G,0
V363H,0
V363I,1
V363L,1
V363M,1
V363N,0
V363P,0
V363Q,0
V363R,0
V363S,0
V363W,1
V363Y,1
T364G,1
T364F,1
T364D,0
T364A,1
T364C,1
T364E,0
T364W,1
T364V,1
T364P,0
T364Y,1
T364M,1
T364K,0
T364I,1
T364L,1
S365T,1
S365R,1
S365V,1
S365P,0
S365K,0
S365C,1
S365H,0
S365G,1
S365E,0
S365D,0
S365I,1
S365M,1
S365A,1
S365Y,0
V366Y,0
V366W,0
V366T,1
V366F,1
V366I,1
V366R,0
V366Q,0
V366P,0
V366M,1
V366L,1
V366K,0
V366H,0
V366N,0
V366D,0
V366C,1
V366A,1
V367Y,0
V367H,0
V367I,1
V367K,0
V367L,1
V367M,1
V367P,0
V367F,1
V367Q,0
V367N,0
V367E,0
V367R,0
V367C,1
V367A,1
V367D,0
N368W,0
N368V,1
N368T,1
N368S,1
N368R,1
N368I,1
N368E,0
N368F,0
C369D,0
C369W,1
C369M,1
C369L,1
C369K,0
C369I,1
C369H,1
C369E,0
C369N,0
C369P,0
C369Q,1
C369R,0
C369T,1
C369V,1
C369A,1
C369F,1
M370N,0
M370P,0
M370A,1
M370C,1
M370H,0
M370G,1
M370F,1
M370E,0
M370L,1
M370W,0
M370V,1
M370T,1
M370R,0
M370Q,0
M370D,0
M370Y,0
T371E,0
T371Y,0
T371S,1
T371D,0
T371A,1
T371R,0
T371N,0
T371F,1
T371C,0
T371G,1
T371V,1
T371I,1
T371K,0
T371L,1
T371H,0
S372W,0
S372V,0
S372R,0
S372Q,1
S372P,1
S372N,1
S372M,0
S372K,1
S372L,0
S372H,1
S372G,1
S372F,1
S372D,1
S372A,1
S372I,0
F373N,0
F373S,0
F373R,0
F373Q,0
F373V,1
F373P,0
F373M,0
F373K,0
F373A,0
F373D,0
F373I,1
F373H,0
F373G,0
F373E,0
F373T,0
F373L,1
V374A,1
V374C,1
V374H,0
V374F,1
V374Y,1
V374D,0
V374S,1
V374R,0
V374Q,0
V374N,0
V374M,1
V374L,1
V374P,0
V374I,1
V374W,1
V374E,0
V374K,0
S375P,0
S375W,1
S375R,0
S375N,1
S375C,1
S375L,0
S375K,0
S375I,1
S375H,1
S375D,0
S375E,0
S375A,1
S375F,1
G376M,0
G376L,0
G376S,0
G376Q,0
G376P,0
G376N,0
G376Y,0
G376T,0
G376K,0
G376I,0
G376F,0
G376E,0
G376A,0
G376C,0
G376D,0
G376H,0
F377T,0
F377S,0
F377R,0
F377Q,0
F377A,1
F377D,0
F377Y,0
F377H,0
F377K,0
F377M,1
F377N,0
F377P,0
F377L,1
F377E,0
F377W,0
V378L,1
V378M,0
V378N,1
V378Q,0
V378R,1
V378F,0
V378D,1
V378C,0
V378A,0
V378T,0
V378W,1
V378G,0
V378S,0
V378H,0
V378I,1
I379H,1
I379T,0
I379V,1
I379W,1
I379Y,1
I379Q,0
I379M,0
I379S,1
I379F,0
I379E,1
I379R,1
I379D,1
I379C,0
I379G,0
F380D,0
F380C,0
F380A,0
F380S,0
F380G,0
F380I,0
F380M,0
F380Q,0
F380R,0
F380T,0
F380W,0
T381Q,0
T381N,1
T381P,1
T381V,1
T381A,0
T381R,1
T381C,0
T381K,0
T381E,1
T381F,0
T381H,0
T381I,0
T381L,0
T381D,1
T381Y,0
V382M,0
V382R,0
V382Q,0
V382N,1
V382T,0
V382L,1
V382I,1
V382C,0
V382G,0
V382F,0
V382W,1
L383D,0
L383F,0
L383E,1
L383T,0
L383Y,1
L383V,0
L383H,1
L383I,0
L383K,0
L383M,0
L383W,0
L383S,0
L383G,0
L383R,0
L383Q,0
L383P,0
G384W,0
G384K,0
G384N,0
G384Q,0
G384P,0
G384Y,0
G384L,0
G384S,0
G384T,0
G384I,0
G384H,0
G384F,0
G384E,0
G384D,0
G384C,0
G384A,0
G384M,0
Y385H,1
Y385M,0
Y385I,0
Y385E,0
Y385D,1
Y385G,0
Y385W,0
Y385Q,0
Y385A,0
Y385L,0
Y385P,0
Y385K,0
Y385R,0
Y385S,0
Y385T,0
Y385V,0
M386F,0
M386Y,1
M386W,1
M386S,0
M386C,0
M386D,0
M386R,0
M386P,0
M386N,0
M386I,1
M386H,0
M386G,0
A387C,0
A387W,0
A387Q,0
A387P,0
A387M,0
A387L,0
A387K,0
A387R,0
A387I,0
A387G,0
A387F,0
A387E,0
A387D,0
A387Y,0
A387H,0
A387S,1
A387T,0
E388Q,1
E388D,1
E388G,0
E388W,0
E388S,0
E388R,0
E388P,0
E388M,0
E388L,0
E388C,0
E388H,1
E388I,0
M389Y,0
M389R,1
M389Q,1
M389P,0
M389N,0
M389D,0
M389G,0
M389H,0
M389L,1
M389K,1
M389I,1
M389T,1
M389W,0
M389F,0
R390E,0
R390F,0
R390I,0
R390H,0
R390N,0
R390S,1
R390A,0
R390V,0
R390C,0
R390D,0
R390Y,0
R390P,0
N391W,0
N391Y,1
N391D,1
N391F,0
N391V,0
N391T,1
N391S,1
N391P,0
N391Q,1
N391L,0
N391I,0
N391G,1
N391M,1
E392I,1
E392K,1
E392L,1
E392F,0
E392D,1
E392C,1
E392M,1
E392A,1
E392P,0
E392Q,1
E392R,1
E392S,1
E392T,1
E392V,1
E392Y,0
E392N,1
D393S,1
D393T,1
D393V,1
D393W,0
D393Y,1
D393R,0
D393P,0
D393A,1
D393C,0
D393E,1
D393N,1
D393I,0
D393K,1
V394N,0
V394P,0
V394Q,0
V394K,0
V394I,1
V394M,0
V394R,0
V394W,0
V394T,0
V394A,0
V394Y,0
V394H,0
V394E,0
V394D,0
V394S,0
V394C,0
S395M,1
S395Q,1
S395T,0
S395Y,0
S395K,0
S395G,1
S395E,1
S395D,1
S395C,0
S395A,1
S395H,1
E396F,1
E396D,1
E396P,0
E396A,1
E396C,0
E396S,1
E396T,1
E396V,1
E396R,1
E396W,0
E396I,1
E396N,1
E396M,1
E396L,1
E396K,1
V397C,0
V397Y,0
V397W,0
V397T,0
V397S,0
V397R,0
V397Q,0
V397K,0
V397E,0
V397F,1
V397G,0
V397H,0
V397P,0
V397N,0
A398F,1
A398K,0
A398Q,0
A398W,1
A398V,1
A398E,0
A398R,0
A398N,0
A398I,1
A398L,1
A398G,1
K399A,1
K399D,0
K399F,0
K399I,1
K399C,0
K399R,1
K399W,0
K399Y,0
D400W,1
D400V,0
D400T,1
D400S,1
D400R,1
D400P,0
D400N,1
D400M,0
D400K,0
D400I,0
D400H,1
D400G,1
D400F,1
D400E,0
D400A,1
D400Y,1
A401C,1
A401F,1
A401N,1
A401P,0
A401Q,0
A401S,1
A401V,1
A401W,1
A401M,1
A401L,1
A401K,1
A401I,1
A401H,1
A401Y,1
A401E,0
A401D,0
G402A,0
G402Y,0
G402W,0
G402V,0
G402S,0
G402R,0
G402Q,0
G402P,0
G402N,0
G402M,0
G402K,0
G402I,0
G402H,0
G402F,0
G402E,0
G402D,0
G402C,0
G402L,0
G402T,0
P403I,1
P403M,0
P403T,0
P403R,0
P403Q,0
P403N,0
P403Y,1
P403K,0
P403F,1
P403E,0
P403D,0
P403C,0
P403A,1
S404A,1
S404W,0
S404C,1
S404T,1
S404E,1
S404G,1
S404H,1
S404M,1
S404P,0
S404L,1
S404R,0
L405Y,0
L405W,0
L405T,0
L405S,0
L405Q,0
L405M,0
L405N,0
L405I,0
L405H,0
L405G,0
L405F,0
L405E,0
L405D,0
L405C,0
L405A,0
L406R,0
L406Q,0
L406D,0
L406F,1
L406E,0
L406M,1
L406T,1
L406V,1
L406I,1
L406K,0
L406P,0
L406Y,0
L406N,0
F407H,0
F407G,0
F407E,0
F407D,0
F407C,1
F407N,0
F407A,0
F407T,0
F407V,0
F407W,1
F407L,0
F407Q,0
F407P,0
F407M,0
F407R,0
F407K,0
I408K,0
I408Y,0
I408W,0
I408S,0
I408R,0
I408Q,1
I408P,0
I408L,0
I408C,0
I408H,0
I408G,0
I408A,0
I408E,0
I408D,0
T409Y,0
T409W,0
T409V,1
T409R,0
T409Q,0
T409M,0
T409A,1
T409C,1
T409P,0
T409E,0
T409D,0
T409K,0
T409I,1
T409H,0
T409F,0
T409N,0
Y410M,1
Y410N,0
Y410P,0
Y410Q,0
Y410R,0
Y410S,1
Y410T,1
Y410W,1
Y410L,1
Y410A,1
Y410C,1
Y410I,1
Y410H,0
Y410V,1
Y410K,0
Y410D,0
Y410F,1
Y410E,0
A411Q,0
A411Y,0
A411W,0
A411T,1
A411S,1
A411R,0
A411D,0
A411M,1
A411L,1
A411C,1
A411E,0
A411F,0
A411G,1
A411H,0
A411I,0
E412P,0
E412N,0
E412L,0
E412I,0
E412R,0
E412C,0
E412A,0
E412Y,0
E412W,0
E412V,0
E412T,1
E412G,0
E412H,0
A413I,1
A413H,0
A413F,0
A413E,0
A413D,0
A413K,0
A413L,1
A413Y,0
A413N,0
A413W,0
A413T,0
A413S,0
A413R,0
A413Q,0
A413P,0
A413C,1
I414W,0
I414Y,0
I414A,1
I414S,1
I414G,0
I414H,0
I414K,0
I414L,1
I414E,0
I414M,1
I414P,0
I414Q,0
I414R,0
I414D,0
A415K,0
A415L,0
A415M,0
A415Y,0
A415G,1
A415F,0
A415E,0
A415D,0
A415I,0
A415H,0
A415P,0
A415R,0
A415S,1
A415V,0
A415W,0
A415N,0
A415Q,0
N416G,0
N416H,1
N416C,1
N416A,1
N416L,1
N416M,1
N416P,0
N416S,1
N416V,1
N416T,1
N416R,1
N416Q,1
M417S,0
M417A,0
M417C,0
M417D,0
M417E,0
M417F,0
M417G,1
M417H,0
M417N,0
M417P,0
M417Q,0
M417W,0
M417R,0
M417L,1
P418L,0
P418M,0
P418I,0
P418R,0
P418S,0
P418T,0
P418V,0
P418W,0
P418Y,0
P418K,0
P418A,0
P418Q,0
P418F,0
P418N,0
P418D,0
P418C,0
P418E,0
A419M,1
A419N,1
A419L,1
A419R,0
A419S,1
A419E,0
A419G,1
A419H,1
A419W,1
A419Y,1
A419C,1
A419Q,1
A419K,1
S420N,1
S420L,0
S420K,1
S420I,0
S420H,0
S420M,0
S420G,1
S420F,0
S420R,1
S420Y,0
S420T,0
S420W,0
S420V,0
S420C,1
S420A,1
S420P,1
S420Q,1
T421K,1
T421I,1
T421W,1
T421Q,1
T421C,1
T421Y,1
T421R,1
T421G,1
T421A,1
T421S,1
T421H,1
T421L,0
T421M,0
T421N,1
T421P,1
T421D,0
F422K,0
F422G,1
F422D,0
F422C,1
F422L,1
F422H,0
F422N,0
F422V,1
F422P,1
F422Q,0
F422R,0
F422Y,1
F422M,1
F423W,1
F423K,0
F423I,1
F423M,1
F423N,0
F423P,0
F423Q,0
F423R,0
F423E,0
F423D,0
F423G,0
F423C,1
F423A,0
A424S,1
A424M,0
A424R,0
A424Q,0
A424H,0
A424N,1
A424K,0
A424I,0
A424G,1
A424F,0
A424E,0
A424L,0
A424W,0
A424Y,0
I425T,1
I425A,1
I425C,1
I425Y,0
I425V,1
I425D,0
I425Q,1
I425P,1
I425H,1
I425E,0
I425K,1
I426K,0
I426A,1
I426N,0
I426Q,0
I426S,1
I426V,1
I426W,0
I426Y,0
I426H,0
I426L,1
I426R,0
I426M,1
I426E,0
I426D,0
F427W,1
F427V,1
F427T,1
F427S,1
F427R,0
F427Q,1
F427P,0
F427M,1
F427G,0
F427H,0
F427A,1
F427C,1
F427D,0
F427E,0
F428G,0
F428E,0
F428D,0
F428C,0
F428A,0
F428P,0
F428V,0
F428T,0
F428S,0
F428R,0
F428Q,0
F428K,0
F428M,0
F428W,1
F428I,0
L429H,0
L429K,0
L429G,1
L429N,0
L429Y,0
L429W,0
L429V,1
L429T,1
L429S,1
L429R,0
L429Q,0
L429F,1
L429E,0
L429D,0
M430G,1
M430W,1
M430S,1
M430R,0
M430H,1
M430P,0
M430N,1
M430I,1
M430A,1
M430D,0
M430E,0
M430L,1
L431S,0
L431G,0
L431A,0
L431E,0
L431F,1
L431H,0
L431T,0
L431K,0
L431N,1
L431I,1
L431R,0
L431Y,0
L431V,1
I432S,1
I432T,1
I432V,1
I432W,0
I432Y,0
I432R,0
I432K,0
I432A,0
I432N,0
I432P,0
I432Q,0
I432D,0
I432C,1
I432F,1
I432G,0
I432H,0
I432E,0
I432L,1
T433Y,1
T433V,1
T433S,1
T433Q,0
T433N,0
T433G,1
T433F,1
T433E,0
T433D,0
T433H,1
T433I,1
T433C,1
T433K,1
T433L,1
T433M,1
T433A,1
L434V,1
L434A,1
L434C,1
L434D,0
L434W,1
L434E,0
L434H,1
L434K,1
L434M,1
L434N,1
L434Q,1
L434R,1
L434S,1
L434T,1
L434F,1
G435A,1
G435C,1
G435D,0
G435M,1
G435S,1
G435W,0
G435P,0
G435Y,0
G435L,1
G435K,0
G435H,0
G435F,0
L436T,0
L436V,1
L436R,1
L436C,1
L436E,0
L436D,0
L436F,1
L436M,1
L436K,0
L436G,0
L436H,0
L436I,1
D437F,1
D437G,1
D437E,1
D437C,1
D437A,1
D437H,1
D437L,1
D437W,1
D437M,1
D437K,1
D437N,1
D437P,1
D437Q,1
D437R,1
D437S,1
D437T,1
D437V,1
D437Y,1
S438M,0
S438L,0
S438T,1
S438R,1
S438P,0
S438N,1
S438I,1
S438K,1
S438Y,1
S438H,1
S438E,0
S438D,0
S438C,1
S438A,1
S438G,1
T439V,1
T439S,1
T439R,0
T439Q,1
T439N,1
T439M,0
T439L,0
T439G,1
T439F,1
T439E,0
T439D,0
T439C,1
T439A,1
T439K,0
T439P,1
F440V,1
F440A,1
F440T,1
F440P,0
F440N,1
F440R,1
F440M,1
F440I,1
F440H,1
F440G,1
F440E,1
F440C,1
F440L,1
A441Y,0
A441T,1
A441S,1
A441R,1
A441Q,0
A441N,1
A441E,0
A441F,1
A441W,1
A441H,1
A441I,1
A441K,1
A441M,1
A441C,1
A441D,1
G442P,1
G442C,1
G442A,1
G442R,1
G442S,1
G442T,1
G442V,1
G442W,1
G442Y,1
G442D,0
G442E,1
G442F,1
G442Q,1
G442K,1
G442M,1
G442N,1
G442I,1
G442H,1
G442L,1
L443Y,1
L443D,0
L443E,0
L443F,1
L443V,1
L443T,0
L443S,0
L443R,1
L443G,0
L443Q,0
L443C,0
L443N,0
L443M,1
L443I,1
E444F,1
E444N,0
E444Q,1
E444R,0
E444A,1
E444T,1
E444Y,1
E444G,1
E444P,0
E444H,1
G445N,1
G445C,1
G445Y,0
G445V,1
G445T,1
G445S,1
G445R,1
G445W,0
G445L,1
G445A,1
G445F,0
G445H,0
G445I,0
G445E,0
V446K,0
V446I,1
V446H,0
V446D,0
V446F,1
V446E,0
V446G,1
V446P,1
V446N,0
V446R,0
V446S,0
V446W,0
V446Y,0
V446M,1
V446Q,0
I447L,1
I447K,0
I447H,0
I447G,0
I447E,0
I447D,0
I447T,1
I447V,1
I447R,0
I447Q,0
I447P,0
I447C,1
I447M,1
I447Y,0
I447W,0
T448C,1
T448M,0
T448P,1
T448H,1
T448A,1
T448S,1
T448V,1
T448Y,1
A449R,0
A449Q,0
A449W,0
A449V,0
A449S,1
A449Y,0
A449C,0
A449E,0
A449G,1
A449H,0
A449I,0
A449K,0
A449L,0
A449M,0
A449N,0
A449P,0
V450K,0
V450L,1
V450N,0
V450Y,0
V450I,1
V450S,0
V450A,1
V450R,0
V450Q,0
V450P,0
V450H,0
V450G,1
V450F,1
V450E,0
V450D,0
V450C,1
V450M,1
L451P,1
L451M,1
L451K,1
L451I,1
L451F,1
L451Q,1
L451D,0
L451V,1
L451T,1
L451A,1
L451C,1
L451S,1
L451W,0
L451R,1
D452Q,1
D452H,1
D452F,0
D452E,1
D452A,1
D452P,0
D452M,1
D452R,0
D452W,0
D452Y,1
D452K,0
D452L,0
D452N,1
E453N,0
E453P,0
E453S,0
E453T,0
E453Y,0
E453R,0
E453D,1
E453H,0
E453F,0
E453C,0
E453K,1
E453W,0
F454V,1
F454D,0
F454C,1
F454W,1
F454T,1
F454S,1
F454R,0
F454Y,1
F454P,0
F454N,1
F454K,1
F454G,0
F454E,0
F454M,1
P455N,0
P455M,0
P455V,0
P455W,0
P455A,1
P455K,0
P455E,0
P455F,0
P455G,1
P455I,0
P455C,0
P455Y,0
H456C,1
H456W,1
H456V,1
H456T,1
H456S,1
H456R,1
H456Q,1
H456P,1
H456A,1
H456M,1
H456L,1
H456I,1
H456G,1
H456F,1
H456E,1
H456D,1
V457Q,1
V457S,1
V457T,1
V457N,1
V457R,1
V457M,1
V457G,1
V457K,1
V457H,1
V457F,1
V457E,1
V457D,1
V457C,1
V457Y,1
V457L,1
V457A,1
W458C,1
W458D,1
W458F,1
W458G,1
W458I,1
W458K,1
W458L,1
W458M,1
W458N,1
W458P,1
W458Q,1
W458R,1
W458S,1
W458T,1
W458V,1
W458Y,1
W458E,1
W458A,1
A459Y,1
A459S,1
A459R,1
A459Q,1
A459P,1
A459N,1
A459M,1
A459K,1
A459I,1
A459H,1
A459G,1
A459F,1
A459E,1
A459D,1
A459C,1
A459V,1
A459W,1
K460C,1
K460G,1
K460A,1
K460D,1
K460E,1
K460F,1
K460H,1
K460I,1
K460L,1
K460M,1
K460N,1
K460P,1
K460Q,1
K460R,1
K460T,1
K460S,1
K460W,1
K460Y,1
K460V,1
R461Y,0
R461G,1
R461V,0
R461I,0
R461Q,1
R461N,1
R461M,0
R461K,1
R461F,0
R461S,1
R461E,1
R461H,1
R461C,0
R461A,0
R462V,0
R462S,0
R462N,0
R462L,0
R462K,1
R462I,0
R462H,0
R462F,0
R462G,0
R462M,0
R462D,0
R462A,0
R462C,0
E463Y,0
E463S,1
E463N,0
E463M,0
E463K,1
E463H,1
E463G,1
E463F,0
E463D,1
E463A,1
E463Q,1
E463L,0
E463P,0
R464G,1
R464N,1
R464A,1
R464C,1
R464D,1
R464E,1
R464F,1
R464H,1
R464I,1
R464K,1
R464P,1
R464M,1
R464Y,1
R464W,1
R464V,1
R464T,1
R464S,1
R464Q,1
R464L,1
F465V,1
F465T,1
F465R,0
F465Q,0
F465P,0
F465N,0
F465M,1
F465G,0
F465H,0
F465E,0
F465D,0
F465C,1
F465W,1
F465K,0
V466W,0
V466C,1
V466D,0
V466E,0
V466F,0
V466G,1
V466A,1
V466I,1
V466L,1
V466M,1
V466P,0
V466Q,0
V466R,1
V466S,1
V466T,1
V466Y,1
L467T,0
L467Q,1
L467N,0
L467V,1
L467W,0
L467A,1
L467D,1
L467E,0
L467G,1
L467K,1
L467H,1
L467Y,0
A468N,0
A468D,1
A468E,0
A468F,1
A468G,1
A468H,1
A468I,1
A468Y,1
A468W,1
A468T,1
A468S,1
A468K,1
A468Q,0
A468L,1
A468M,1
A468R,0
A468P,1
V469A,1
V469C,1
V469E,0
V469F,1
V469H,0
V469W,1
V469S,1
V469R,0
V469Q,0
V469P,0
V469N,0
V469M,1
V469L,1
V469K,0
V469T,1
V470R,0
V470Y,0
V470W,0
V470Q,0
V470P,0
V470C,1
V470F,0
V470G,0
V470D,0
V470I,1
V470K,0
V470L,1
V470M,1
I471L,1
I471D,0
I471E,0
I471F,1
I471G,1
I471H,0
I471K,0
I471M,1
I471V,1
I471Q,0
I471S,1
I471T,1
I471Y,0
I471C,1
I471N,0
I471A,1
I471R,0
T472H,0
T472C,1
T472D,0
T472E,0
T472F,1
T472I,1
T472K,0
T472L,1
T472A,1
T472P,1
T472Q,0
T472R,0
T472S,1
T472M,1
C473I,1
C473K,0
C473P,1
C473M,0
C473H,1
C473G,1
C473S,1
C473V,1
C473W,1
C473Q,1
C473F,1
F474V,1
F474T,0
F474W,1
F474Y,1
F474S,1
F474R,0
F474P,0
F474D,0
F474C,1
F474A,1
F474H,0
F474Q,1
F474E,0
F474I,0
F474K,0
F474N,0
F474M,1
F474L,1
F475V,1
F475S,1
F475R,0
F475Q,0
F475P,0
F475L,1
F475I,1
F475A,1
F475G,1
F475E,0
F475C,1
F475K,0
G476I,1
G476Y,0
G476W,0
G476V,1
G476T,1
G476K,0
G476H,1
G476C,1
G476L,1
G476M,1
G476N,1
G476A,1
G476P,0
G476Q,0
G476R,0
G476F,1
S477W,0
S477R,0
S477A,1
S477N,1
S477M,0
S477K,0
S477I,0
S477H,0
S477F,0
S477E,0
S477D,0
S477Q,0
S477P,1
S477V,0
L478C,1
L478D,0
L478E,0
L478F,1
L478G,1
L478Y,0
L478W,1
L478I,1
L478K,0
L478R,0
L478S,1
L478T,1
L478V,1
V479F,1
V479E,0
V479D,0
V479M,1
V479N,0
V479R,0
V479S,1
V479T,1
V479G,1
V479W,1
V479C,1
V479A,1
V479K,0
V479L,1
V479H,0
T480R,0
T480S,1
T480V,0
T480W,0
T480Q,1
T480N,1
T480M,1
T480F,1
T480L,1
T480K,0
T480P,1
T480A,0
T480D,0
L481R,1
L481S,1
L481V,1
L481W,0
L481Y,0
L481T,1
L481A,1
L481M,1
L481E,0
L481C,1
L481D,0
L481G,1
L481K,0
T482M,0
T482D,0
T482N,1
T482L,0
T482I,0
T482G,0
T482F,0
T482E,0
T482C,1
T482Q,1
T482S,1
T482V,0
T482W,0
T482Y,0
T482R,1
F483H,1
F483G,0
F483E,0
F483D,0
F483C,1
F483N,1
F483R,1
F483S,1
F483W,1
F483I,0
F483T,0
F483P,1
F483K,0
G484Y,0
G484W,0
G484K,0
G484R,0
G484Q,0
G484M,0
G484L,0
G484C,1
G484E,0
G484F,0
G484H,0
G484I,0
G484T,0
G484P,0
G485T,0
G485W,0
G485S,0
G485R,0
G485Q,0
G485P,0
G485N,0
G485M,0
G485Y,0
G485K,0
G485I,0
G485H,0
G485F,0
G485E,0
G485D,0
G485A,0
G485L,0
A486M,1
A486Y,0
A486S,1
A486K,0
A486R,0
A486I,1
A486D,0
A486G,1
A486E,0
A486C,1
A486Q,0
A486P,1
A486N,0
A486W,0
A486H,0
A486V,1
Y487W,0
Y487A,0
Y487I,0
Y487K,0
Y487M,0
Y487N,0
Y487P,0
Y487Q,0
Y487L,0
Y487S,0
Y487T,0
Y487V,0
Y487G,0
Y487F,1
Y487E,0
Y487R,0
V488R,0
V488Q,0
V488P,0
V488N,0
V488H,0
V488A,1
V488L,1
V488S,0
V488K,0
V488C,1
V488M,1
V488Y,1
V488G,0
V488E,0
V488D,0
V488W,1
V488I,1
V489H,1
V489K,0
V489L,1
V489F,1
V489M,1
V489E,0
V489D,0
V489I,1
V489A,1
V489P,0
V489R,0
V489S,0
V489T,0
V489W,1
V489Y,0
V489N,0
V489G,0
K490Y,1
K490C,1
K490W,1
K490T,1
K490S,1
K490R,1
K490Q,1
K490P,1
K490A,1
K490N,1
K490L,1
K490I,1
K490H,1
K490G,1
K490F,1
K490D,0
K490M,1
K490E,1
K490V,1
L491A,0
L491Y,0
L491W,1
L491V,1
L491T,0
L491R,0
L491Q,0
L491P,0
L491N,0
L491S,0
L491K,0
L491M,1
L491D,0
L491E,0
L491F,1
L491C,0
L491H,0
L491I,1
L491G,0
L492K,0
L492E,0
L492G,0
L492H,0
L492I,1
L492D,0
L492N,0
L492Y,1
L492W,0
L492V,1
L492M,1
L492S,0
L492R,0
L492Q,0
E493R,0
E493Q,1
E493P,0
E493N,0
E493M,1
E493L,0
E493D,1
E493A,1
E493W,0
E493F,0
E494Y,1
E494I,1
E494K,1
E494D,1
E494L,1
E494A,1
E494N,1
E494C,1
E494P,0
E494F,1
E494G,1
E494S,1
E494T,1
E494V,1
E494W,1
E494Q,1
Y495A,1
Y495K,0
Y495S,1
Y495R,0
Y495P,0
Y495L,1
Y495C,1
Y495T,1
Y495W,1
Y495V,1
Y495N,0
Y495E,0
Y495F,1
Y495I,1
Y495M,1
Y495H,1
A496F,1
A496W,0
A496C,1
A496Y,0
A496E,0
A496V,1
A496H,0
A496S,1
A496K,0
A496L,1
A496M,1
A496Q,0
A496R,0
A496I,1
T497Q,1
T497Y,1
T497V,1
T497W,1
T497R,1
T497M,1
T497G,0
T497K,1
T497I,1
T497H,1
T497F,1
T497E,0
T497D,0
T497C,1
T497A,1
T497L,1
T497S,1
G498R,1
G498N,1
G498P,0
G498A,1
G498S,1
G498D,0
G498C,1
G498T,1
G498V,1
G498W,0
G498Y,1
P499V,1
P499R,1
P499N,0
P499M,1
P499L,1
P499K,1
P499H,0
P499F,1
P499E,0
P499D,0
A500N,0
A500M,1
A500V,1
A500K,0
A500I,1
A500G,1
A500F,1
A500D,0
A500L,1
A500S,1
A500R,0
A500C,1
V501L,1
V501W,0
V501S,1
V501K,0
V501Q,1
V501H,1
V501M,1
L502K,0
L502T,1
L502M,1
L502I,1
L502H,0
L502F,1
L502D,0
L502E,0
L502P,1
L502R,1
L502C,1
L502A,1
L502Y,1
L502W,1
L502V,1
L502N,0
T503K,0
T503L,1
T503I,1
T503Y,1
T503G,1
T503F,1
T503E,0
T503C,1
T503A,1
T503M,1
T503N,1
T503P,1
T503S,1
T503V,1
T503H,1
V504K,0
V504I,1
V504H,0
V504G,1
V504N,0
V504W,0
V504Y,0
V504A,1
V504C,1
V504D,0
V504M,1
V504R,0
V504Q,0
A505H,1
A505G,1
A505E,1
A505D,0
A505C,1
A505S,1
A505T,1
A505V,1
A505I,1
A505K,0
A505Y,1
A505M,1
A505L,1
L506A,1
L506Y,0
L506C,1
L506D,0
L506E,0
L506W,1
L506R,0
L506P,0
L506N,0
L506F,1
L506H,0
L506K,0
L506M,1
L506Q,0
L506V,1
I507R,0
I507A,1
I507C,1
I507D,0
I507E,0
I507S,1
I507K,0
I507V,1
I507T,1
I507G,1
I507Q,0
I507P,0
I507M,1
I507L,1
E508Y,0
E508V,0
E508T,0
E508S,0
E508F,0
E508G,1
E508H,0
E508I,0
E508K,1
E508L,0
E508M,0
E508P,0
E508Q,1
E508A,1
E508C,0
A509D,1
A509C,1
A509Y,1
A509T,1
A509S,1
A509E,0
A509F,1
A509G,1
A509R,0
A509H,1
A509I,1
A509K,0
A509L,1
A509M,1
A509V,1
V510G,1
V510W,0
V510T,1
V510R,0
V510Q,0
V510P,0
V510M,1
V510L,1
V510K,0
V510I,1
V510H,0
V510N,0
V510D,0
A511I,0
A511Y,0
A511K,0
A511H,0
A511G,1
A511F,0
A511E,0
A511D,1
A511C,1
A511W,0
A511V,1
A511S,1
A511R,0
A511Q,0
A511P,0
A511N,0
A511M,0
A511L,0
V512Y,0
V512G,1
V512W,0
V512S,0
V512R,0
V512Q,0
V512P,0
V512N,0
V512M,0
V512K,0
V512I,1
V512D,0
V512E,0
V512F,0
V512A,0
V512C,0
V512H,0
S513L,0
S513P,0
S513M,1
S513K,0
S513R,1
S513T,1
S513V,0
S513W,0
S513N,1
S513A,1
S513H,0
S513F,1
S513E,0
S513D,0
S513C,1
S513I,1
W514N,0
W514T,0
W514I,0
W514P,0
W514G,1
W514F,1
W514E,0
W514D,0
W514A,0
W514K,0
W514M,0
W514S,0
W514V,0
F515V,1
F515T,0
F515R,0
F515Q,0
F515P,0
F515N,0
F515M,1
F515W,0
F515K,0
F515H,0
F515G,1
F515E,0
F515D,0
F515C,1
F515A,1
F515Y,0
F515L,1
Y516Q,0
Y516S,1
Y516T,0
Y516V,0
Y516W,0
Y516R,0
Y516G,0
Y516L,0
Y516E,0
Y516D,1
Y516C,1
Y516A,0
Y516H,0
Y516F,0
Y516I,0
Y516K,0
Y516M,0
Y516N,0
Y516P,0
G517Y,0
G517E,0
G517L,0
G517A,0
G517K,0
G517C,0
G517W,0
G517F,0
G517P,0
G517H,0
G517I,0
G517N,0
G517T,0
G517R,0
G517M,0
G517Q,0
I518D,0
I518H,0
I518K,0
I518C,1
I518W,0
I518A,0
I518S,1
I518R,0
I518Q,1
I518P,0
I518N,1
I518T,1
I518V,1
I518M,1
T519R,1
T519G,1
T519Y,0
T519W,0
T519S,1
T519Q,1
T519P,1
T519M,1
T519N,1
T519K,1
T519A,1
T519D,1
T519E,1
T519L,0
Q520H,1
Q520G,1
Q520E,1
Q520W,0
Q520A,1
Q520K,1
Q520S,1
Q520N,1
Q520P,1
Q520R,1
Q520T,1
Q520V,1
Q520Y,1
Q520L,1
F521I,0
F521H,0
F521G,0
F521A,0
F521D,0
F521C,1
F521K,0
F521E,0
F521L,1
F521Y,0
F521N,0
F521P,0
F521Q,0
F521R,0
F521S,0
F521T,0
F521V,1
F521W,0
C522P,0
C522Q,1
C522T,1
C522W,1
C522V,1
C522Y,0
C522M,1
C522G,1
C522K,0
C522H,0
C522E,1
C522D,0
C522A,1
C522S,1
R523C,1
R523V,1
R523N,1
R523P,0
R523Q,1
R523S,1
R523T,1
R523W,1
R523Y,1
R523L,1
R523H,1
R523G,1
R523F,1
R523E,1
R523D,1
R523K,1
D524Q,0
D524P,0
D524S,0
D524T,0
D524R,0
D524M,0
D524W,0
D524L,0
D524V,0
D524I,0
D524K,0
D524A,0
D524E,1
D524C,0
D524F,0
D524H,0
D524G,0
V525Y,0
V525S,0
V525R,0
V525W,0
V525N,0
V525P,0
V525L,1
V525K,0
V525I,1
V525H,1
V525G,1
V525F,0
V525D,0
V525C,1
V525M,1
V525T,1
K526L,0
K526N,1
K526P,0
K526W,0
K526R,1
K526S,1
K526T,1
K526V,0
K526I,0
K526Q,1
K526H,1
K526F,0
K526E,1
K526C,0
E527R,1
E527L,1
E527K,1
E527I,1
E527H,1
E527G,1
E527F,1
E527Q,1
E527D,1
E527A,1
E527N,1
E527P,0
E527Y,1
E527V,1
E527T,1
E527S,1
E527C,1
M528G,0
M528F,0
M528E,0
M528H,0
M528C,0
M528A,0
M528D,0
M528Y,0
M528K,0
M528S,0
M528W,0
M528P,0
M528R,0
M528N,0
M528Q,0
L529Y,1
L529V,1
L529T,1
L529S,1
L529Q,1
L529M,1
L529C,1
L529E,0
L529G,0
L529H,0
L529I,1
L529K,0
L529A,0
G530F,0
G530I,0
G530K,0
G530Q,0
G530T,0
G530S,0
G530R,0
G530L,0
G530E,0
G530V,0
G530P,0
G530Y,0
G530W,0
G530C,1
G530N,0
G530A,0
F531G,0
F531I,1
F531K,0
F531L,1
F531P,0
F531Q,1
F531S,1
F531T,1
F531V,1
F531W,1
F531Y,1
F531H,1
F531E,1
F531D,1
S532T,1
S532Q,0
S532N,1
S532M,0
S532L,0
S532K,1
S532I,0
S532Y,1
S532C,1
S532A,1
S532V,0
S532G,1
P533Q,0
P533S,0
P533L,0
P533Y,0
P533W,0
P533K,0
P533R,0
P533I,0
P533H,1
P533G,0
P533F,0
P533E,0
P533D,0
P533C,0
P533A,0
P533M,0
P533N,0
G534I,0
G534C,1
G534K,0
G534F,0
G534H,1
G534Y,0
G534L,0
G534M,0
G534W,0
G534T,0
G534N,1
G534P,0
G534Q,0
G534E,0
G534R,0
G534S,1
W535Y,1
W535V,1
W535S,1
W535C,1
W535F,1
W535M,1
W535R,1
W535I,1
W535H,1
W535G,1
F536Y,1
F536H,1
F536K,0
F536L,1
F536M,0
F536P,0
F536W,0
F536Q,0
F536R,0
F536G,0
F536T,0
F536N,0
F536S,0
F536E,0
F536A,0
F536C,1
F536D,0
W537P,0
W537Y,1
W537V,0
W537T,0
W537S,0
W537R,0
W537Q,0
W537A,0
W537E,0
W537F,1
W537G,0
W537H,0
W537K,0
W537N,0
W537D,0
W537L,1
R538A,0
R538M,1
R538G,0
R538D,0
R538K,1
R538H,0
R538P,0
R538V,1
R538C,1
R538I,1
I539Y,1
I539F,1
I539D,0
I539W,1
I539V,1
I539P,0
I539S,1
I539R,0
I539Q,0
I539G,1
I539N,0
I539M,1
I539L,1
I539H,0
I539A,1
I539E,0
I539C,1
C540T,1
C540L,0
C540S,1
C540R,0
C540Q,0
C540N,0
C540W,0
C540K,0
C540H,0
C540G,0
C540F,0
C540E,0
C540D,0
C540Y,0
C540P,0
W541H,0
W541A,0
W541D,0
W541E,0
W541F,0
W541G,0
W541I,0
W541Y,0
W541K,0
W541M,0
W541P,0
W541Q,0
W541R,0
W541S,0
W541T,0
W541V,0
W541L,0
V542D,0
V542F,1
V542C,1
V542H,1
V542G,1
V542K,1
V542W,1
V542I,1
V542S,1
V542R,1
V542Q,1
V542P,0
V542T,1
V542M,1
V542A,1
V542L,1
A543V,1
A543D,0
A543F,1
A543G,1
A543H,1
A543I,1
A543K,0
A543L,1
A543N,0
A543Q,0
A543R,0
A543S,1
A543Y,1
A543W,1
A543M,1
A543C,1
I544K,0
I544A,1
I544C,1
I544D,0
I544E,0
I544H,0
I544F,1
I544T,1
I544L,1
I544M,1
I544N,0
I544P,0
I544Q,0
I544R,0
I544S,1
I544V,1
I544W,1
I544Y,1
S545R,0
S545A,1
S545C,1
S545T,1
S545E,0
S545W,0
S545Y,0
S545P,0
S545D,0
S545N,1
S545M,1
S545L,1
S545K,0
S545I,1
S545H,0
S545V,1
S545F,0
P546H,0
P546I,0
P546T,0
P546S,0
P546Q,0
P546N,0
P546V,0
P546W,0
P546Y,0
P546R,0
P546L,0
P546G,0
P546M,0
P546E,0
P546F,0
P546C,0
P546K,0
P546A,0
P546D,0
L547I,1
L547K,0
L547N,0
L547R,0
L547S,1
L547T,1
L547V,1
L547W,0
L547Y,0
L547Q,0
L547H,0
L547E,0
L547A,1
L547C,1
L547D,0
L547F,1
L547G,1
F548S,1
F548A,1
F548C,1
F548D,0
F548E,0
F548G,1
F548H,0
F548I,1
F548M,1
F548N,0
F548P,0
F548Q,0
F548Y,1
F548W,1
F548V,1
F548T,1
F548R,0
F548L,1
L549M,1
L549C,1
L549D,0
L549K,0
L549A,0
L549I,1
L549H,0
L549G,0
L549E,0
L549Y,1
L549F,1
L549V,0
L549T,0
L549S,0
L549R,0
L549Q,0
L549N,0
L549W,0
L550S,1
L550Y,0
L550V,1
L550Q,0
L550G,1
L550F,1
L550E,0
L550C,1
L550D,0
L550K,0
L550N,0
L550A,1
F551E,0
F551A,1
F551C,1
F551D,0
F551G,1
F551K,0
F551I,1
F551L,1
F551P,0
F551Q,0
F551R,0
F551S,1
F551T,1
F551V,1
F551H,0
F551W,1
F551M,1
I552A,1
I552Y,1
I552V,1
I552T,1
I552S,1
I552Q,1
I552P,1
I552W,1
I552L,1
I552K,0
I552G,1
I552F,1
I552E,0
I552D,0
I552C,1
I552M,1
I553D,0
I553E,0
I553F,1
I553H,0
I553K,0
I553L,1
I553R,0
I553P,0
I553Q,0
I553S,1
I553T,1
I553V,1
I553M,1
I553Y,0
C554A,1
C554Y,1
C554W,1
C554V,1
C554T,1
C554S,1
C554P,0
C554N,0
C554L,1
C554I,1
C554G,1
C554F,1
C554E,0
C554D,0
C554M,1
S555A,1
S555M,1
S555F,1
S555G,1
S555H,1
S555I,1
S555K,1
S555L,1
S555C,1
S555Q,1
S555R,1
S555V,1
S555W,1
F556C,1
F556D,0
F556A,1
F556W,1
F556S,1
F556R,1
F556Q,1
F556P,0
F556N,1
F556V,1
F556M,1
F556K,1
F556I,1
F556E,1
F556L,1
F556Y,1
L557A,1
L557F,1
L557Y,1
L557H,0
L557I,1
L557K,0
L557D,0
L557C,1
L557E,0
L557Q,0
L557V,1
L557W,1
L557M,1
M558A,1
M558Y,1
M558C,1
M558D,0
M558F,1
M558G,1
M558I,1
M558K,1
M558L,1
M558P,0
M558Q,1
M558R,1
M558S,1
M558T,1
M558V,1
M558W,1
M558N,1
S559V,1
S559R,1
S559Q,1
S559N,1
S559A,1
S559G,1
S559F,1
S559E,1
S559D,1
S559C,1
S559W,1
S559K,1
S559Y,1
P560K,1
P560S,1
P560R,1
P560Q,1
P560N,1
P560M,0
P560L,0
P560I,0
P560F,0
P560D,1
P560A,1
P560W,0
P560Y,0
P561D,0
P561Y,0
P561V,1
P561T,1
P561E,0
P561R,1
P561Q,1
P561N,1
P561M,1
P561S,1
P561K,1
P561H,1
P561F,0
P561A,1
P561C,0
Q562N,1
Q562M,0
Q562K,1
Q562I,1
Q562E,1
Q562D,1
Q562P,1
Q562F,0
Q562R,1
Q562T,1
Q562Y,1
Q562W,0
Q562S,1
L563G,1
L563E,0
L563D,0
L563C,1
L563A,1
L563I,1
L563M,1
L563K,1
L563W,0
L563T,0
L563Y,0
L563Q,1
L563P,1
L563N,0
R564W,0
R564V,1
R564T,1
R564S,1
R564Q,1
R564P,0
R564N,1
R564I,1
R564K,1
R564D,0
R564L,1
R564F,0
L565Y,1
L565R,0
L565A,0
L565S,0
L565T,0
L565F,1
L565E,0
L565G,0
L565H,0
L565K,0
L565M,1
L565N,0
L565P,0
L565W,0
L565D,0
L565C,0
F566P,0
F566Y,1
F566C,1
F566D,0
F566E,0
F566H,1
F566I,0
F566L,1
F566M,1
F566V,0
F566W,1
F566G,1
F566N,0
F566S,0
F566T,0
Q567C,0
Q567D,0
Q567E,1
Q567F,0
Q567G,1
Q567H,1
Q567I,0
Q567M,1
Q567N,1
Q567P,0
Q567R,1
Q567S,1
Q567W,1
Q567Y,1
Y568I,0
Y568M,0
Y568F,1
Y568E,0
Y568D,0
Y568N,0
Y568Q,0
Y568G,0
Y568R,0
Y568K,0
Y568W,0
Y568L,0
Y568T,0
Y568S,0
Y568V,0
N569F,0
N569G,1
N569H,1
N569K,1
N569M,0
N569P,1
N569R,1
N569S,1
N569T,1
N569L,0
N569Q,1
N569D,1
N569A,1
Y570D,0
Y570E,0
Y570F,1
Y570G,0
Y570I,0
Y570K,0
Y570M,0
Y570W,0
Y570V,0
Y570T,0
Y570S,0
Y570R,0
Y570Q,0
Y570P,0
Y570N,0
Y570C,0
Y570A,0
Y570L,0
P571Q,0
P571M,0
P571N,0
P571Y,0
P571K,0
P571I,0
P571H,1
P571G,0
P571F,0
P571L,1
P571W,0
P571R,1
P571E,0
P571T,1
P571A,1
P571V,0
P571C,0
P571D,0
Y572M,1
Y572N,1
Y572Q,1
Y572R,1
Y572S,1
Y572T,1
Y572V,1
Y572W,1
Y572I,1
Y572P,1
Y572K,1
Y572G,1
Y572E,1
Y572D,1
Y572C,1
Y572A,1
Y572L,1
Y572H,1
W573D,0
W573E,1
W573G,1
W573H,0
W573Y,0
W573V,1
W573S,1
W573R,1
W573K,0
W573I,0
W573P,0
S574C,1
S574D,0
S574N,0
S574G,1
S574F,0
S574Y,1
S574W,0
S574V,0
S574R,0
S574M,0
S574K,0
I575E,1
I575F,1
I575G,1
I575H,1
I575K,1
I575L,1
I575N,1
I575D,1
I575P,1
I575Q,1
I575R,1
I575Y,1
I575W,1
I575M,1
I575C,1
I575A,1
I575S,1
I575T,1
I576Y,1
I576W,1
I576V,1
I576A,1
I576T,1
I576C,1
I576S,1
I576R,1
I576D,1
I576M,1
I576L,1
I576H,1
I576G,1
I576F,1
I576E,1
I576P,1
I576Q,1
L577N,0
L577C,0
L577D,0
L577E,0
L577I,1
L577M,1
L577Q,1
L577R,1
L577T,1
L577V,1
L577W,0
L577Y,0
L577S,1
G578C,1
G578D,1
G578E,0
G578A,1
G578F,0
G578H,0
G578I,0
G578K,0
G578Y,1
G578L,0
G578N,0
G578P,0
G578Q,0
G578R,1
G578S,1
G578T,0
G578V,1
G578M,0
Y579W,1
Y579V,1
Y579G,1
Y579C,1
Y579E,1
Y579H,1
Y579I,1
Y579K,1
Y579D,1
Y579M,1
Y579N,1
Y579P,0
Y579Q,1
Y579R,1
Y579S,1
Y579T,1
Y579L,1
C580I,1
C580H,0
C580G,1
C580E,0
C580D,0
C580M,1
C580S,1
C580W,1
C580V,1
C580T,1
C580L,1
C580Q,0
C580P,0
C580A,1
C580K,0
I581K,0
I581D,0
I581E,0
I581F,1
I581G,0
I581H,0
I581A,1
I581M,1
I581P,0
I581Q,0
I581R,0
I581T,1
I581V,1
I581L,1
G582E,1
G582F,1
G582L,1
G582I,1
G582D,1
G582H,1
G582T,1
G582Y,1
G582W,1
G582V,1
G582S,1
G582R,1
G582Q,1
G582P,1
G582N,1
G582A,1
G582M,1
T583N,1
T583W,1
T583A,1
T583C,1
T583D,0
T583E,0
T583G,1
T583H,1
T583Y,1
T583I,1
T583M,1
T583P,1
T583Q,1
T583R,0
T583S,1
T583V,1
T583K,0
T583L,1
S584Y,0
S584W,0
S584F,0
S584Q,0
S584R,0
S584T,1
S584E,0
S584C,1
S584D,0
S584N,0
S584L,1
S584K,0
S584I,1
S584A,1
S585T,1
S585W,1
S585V,0
S585Q,1
S585R,1
S585A,1
S585C,1
S585F,0
S585G,1
S585K,0
S585L,0
S585M,1
F586M,1
F586T,1
F586S,1
F586R,0
F586P,0
F586N,0
F586V,1
F586L,1
F586W,1
F586I,1
F586H,0
F586E,0
F586D,0
F586C,1
F586A,1
F586K,0
I587Y,0
I587L,1
I587C,0
I587E,0
I587D,0
I587A,1
I587H,0
I587V,1
I587S,1
I587R,0
I587Q,0
I587P,0
I587M,1
I587K,0
C588K,0
C588L,1
C588M,1
C588H,0
C588E,0
C588D,0
C588A,1
C588V,1
C588G,1
I589S,1
I589Q,0
I589R,0
I589E,0
I589W,0
I589P,0
I589M,1
I589K,0
I589H,0
I589L,1
I589F,1
I589A,0
I589C,0
I589D,0
I589G,0
P590T,1
P590S,1
P590V,1
P590R,1
P590Q,0
P590N,0
P590L,1
P590D,0
P590I,1
P590H,1
P590G,1
P590E,0
P590C,1
P590A,1
P590W,0
P590K,0
P590Y,0
T591H,0
T591S,1
T591V,1
T591P,0
T591N,0
T591M,1
T591A,1
T591C,1
T591D,0
T591E,0
T591F,1
T591G,1
T591I,1
T591L,1
T591Q,0
T591R,0
Y592W,0
Y592D,1
Y592E,0
Y592V,0
Y592T,0
Y592R,0
Y592Q,0
Y592P,0
Y592M,0
Y592L,0
Y592K,0
Y592I,0
Y592G,0
Y592C,1
Y592A,0
I593D,0
I593A,1
I593E,0
I593Y,0
I593H,0
I593K,0
I593L,1
I593G,1
I593P,0
I593Q,0
I593R,0
I593S,1
I593T,1
I593V,1
I593M,1
A594P,0
A594Y,0
A594W,0
A594V,1
A594T,1
A594R,0
A594Q,0
A594S,1
A594I,1
A594H,0
A594K,0
A594L,1
A594M,1
A594E,1
A594D,0
A594G,1
A594C,1
Y595M,0
Y595N,0
Y595K,0
Y595I,0
Y595G,0
Y595P,0
Y595F,1
Y595E,0
Y595R,0
Y595C,0
Y595T,0
Y595A,0
Y595V,1
R596C,1
R596D,0
R596E,0
R596V,1
R596Q,1
R596P,0
R596L,1
R596K,1
R596I,1
R596H,1
R596M,1
R596A,1
R596Y,1
L597D,0
L597E,0
L597F,0
L597G,0
L597H,0
L597I,1
L597K,0
L597M,1
L597N,0
L597Y,0
L597R,1
L597S,0
L597C,1
L597A,0
L597V,1
L597T,0
I598Q,0
I598P,0
I598M,1
I598L,1
I598H,0
I598D,0
I598C,1
I598V,1
I598W,1
I598S,1
I599W,1
I599V,1
I599T,1
I599S,1
I599R,1
I599Q,1
I599P,0
I599A,1
I599M,1
I599H,1
I599D,0
I599L,1
I599Y,1
T600I,0
T600K,1
T600L,0
T600P,0
T600Q,0
T600R,0
T600S,0
T600W,0
T600N,0
T600Y,0
T600D,0
T600F,0
T600G,0
T600H,0
P601C,0
P601Y,0
P601E,1
P601F,0
P601G,1
P601H,1
P601I,0
P601K,1
P601A,1
P601M,0
P601N,1
P601Q,1
P601R,1
P601S,1
P601T,1
P601W,0
G602I,0
G602W,0
G602A,0
G602D,0
G602Y,0
G602F,0
G602H,0
G602K,0
G602L,0
G602E,0
G602N,0
G602P,0
G602Q,0
G602R,0
G602S,0
G602T,0
G602V,0
G602M,0
T603M,0
T603L,0
T603G,1
T603C,1
T603A,1
T603N,1
T603F,0
T603P,1
T603Y,0
T603S,1
T603W,0
F604Y,0
F604E,0
F604G,0
F604H,0
F604I,1
F604K,0
F604L,1
F604P,0
F604Q,0
F604D,0
F604T,0
F604V,1
F604W,1
F604N,0
F604R,0
F604C,1
F604A,0
K605T,1
K605S,1
K605R,1
K605Q,1
K605P,1
K605A,1
K605L,1
K605M,1
K605H,0
K605G,1
K605D,0
K605Y,1
K605W,1
K605V,1
E606S,1
E606I,1
E606M,1
E606L,0
E606H,0
E606Q,1
E606K,0
E606N,1
E606Y,1
E606W,0
E606A,1
E606G,1
E606P,0
R607C,0
R607A,0
R607D,0
R607E,0
R607F,0
R607G,0
R607I,0
R607K,1
R607M,0
R607N,0
R607S,0
R607V,0
R607W,0
R607Y,0
R607T,0
I608H,0
I608R,0
I608K,0
I608Q,0
I608A,0
I608C,1
I608D,0
I608E,0
I608G,0
I609S,1
I609M,1
I609L,1
I609H,0
I609E,0
I609D,0
I609Q,1
I609P,0
I609T,1
I609V,1
I609A,1
K610T,1
K610A,1
K610W,0
K610R,1
K610M,1
K610L,1
K610P,0
K610G,0
K610F,1
K610E,1
K610C,1
K610H,1
S611M,1
S611W,0
S611V,1
S611R,1
S611Q,0
S611P,0
S611N,1
S611L,1
S611I,0
S611H,0
S611G,1
S611F,0
S611D,0
S611A,1
S611K,0
S611Y,0
I612S,0
I612T,1
I612D,0
I612A,0
I612H,0
I612K,0
I612G,0
I612E,0
I612P,0
I612Q,0
I612Y,0
I612W,0
I612V,1
I612N,0
I612F,1
T613V,1
T613S,1
T613R,1
T613Q,1
T613N,1
T613W,0
T613M,1
T613L,1
T613C,1
T613H,1
P614W,0
P614A,1
P614D,0
P614E,0
P614F,0
P614G,0
P614H,1
P614K,0
P614L,0
P614M,0
P614N,0
P614Q,0
P614S,0
P614Y,0
E615A,1
E615M,1
E615R,0
E615T,0
E615P,0
E615H,0
E615G,1
E615F,0
E615D,0
T616Y,1
T616M,1
T616N,1
T616S,0
T616V,1
T616K,1
T616I,1
T616G,1
T616A,1
T616C,1
T616H,1
T616F,1
T616D,1
P617F,1
P617E,1
P617D,1
P617A,1
P617I,1
P617K,1
P617L,1
P617M,1
P617N,1
P617Q,1
P617G,1
P617S,1
P617R,1
P617V,1
P617W,1
P617Y,0
P617T,1
T618Y,1
T618W,1
T618V,1
T618S,1
T618R,1
T618Q,1
T618P,1
T618N,1
T618G,1
T618E,1
T618D,1
T618C,1
T618A,1
T618H,1
T618I,1
T618M,1
T618F,1
T618L,1
E619P,1
E619Q,1
E619Y,1
E619A,1
E619N,1
E619M,1
E619L,1
E619K,1
E619H,1
E619G,1
E619D,1
E619C,1
E619R,1
E619S,1
E619T,1
E619V,1
E619W,1
E619F,1
I620W,1
I620Y,1
I620V,1
I620T,1
I620E,1
I620A,1
I620C,1
I620D,1
I620S,1
I620F,1
I620G,1
I620H,1
I620L,1
I620M,1
I620N,1
I620P,1
I620Q,1
I620R,1
I620K,1
P621S,1
P621R,1
P621T,1
P621N,1
P621W,1
P621V,1
P621M,1
P621Q,1
P621K,1
P621L,1
P621C,1
P621D,1
P621E,1
P621A,1
P621G,1
P621I,1
P621F,1
C622Y,1
C622T,1
C622N,1
C622P,1
C622Q,1
C622K,1
C622R,1
C622S,1
C622V,1
C622M,1
C622L,1
C622H,1
C622I,1
C622G,1
C622F,1
C622E,1
C622D,1
C622A,1
C622W,1
G623C,1
G623A,1
G623E,1
G623F,1
G623D,1
G623Q,1
G623K,1
G623W,1
G623I,1
G623T,1
G623S,1
G623V,1
G623P,1
G623M,1
G623L,1
G623R,1
D624L,1
D624Y,1
D624W,1
D624V,1
D624T,1
D624S,1
D624R,1
D624Q,1
D624P,1
D624M,1
D624K,1
D624N,1
D624A,1
D624C,1
D624E,1
D624F,1
D624G,1
D624H,1
D624I,1
I625V,1
I625T,1
I625S,1
I625R,1
I625W,1
I625A,1
I625Q,1
I625D,1
I625E,1
I625F,1
I625C,1
I625L,1
I625M,1
I625N,1
I625H,1
R626N,1
R626Y,1
R626W,1
R626V,1
R626T,1
R626S,1
R626Q,1
R626P,1
R626M,1
R626F,1
R626K,1
R626L,1
R626C,1
R626D,1
R626E,1
R626A,1
R626G,1
R626I,1
L627E,1
L627Q,1
L627P,1
L627R,1
L627S,1
L627T,1
L627D,1
L627M,1
L627Y,1
L627N,1
L627C,1
L627I,1
L627H,1
L627A,1
L627G,1
L627W,1
L627F,1
N628Q,1
N628R,1
N628M,1
N628A,1
N628C,1
N628D,1
N628E,1
N628P,1
N628G,1
N628H,1
N628F,1
N628K,1
N628L,1
N628W,1
N628V,1
N628T,1
N628S,1
N628I,1
A629E,1
A629F,1
A629G,1
A629H,1
A629I,1
A629K,1
A629D,1
A629C,1
A629L,1
A629R,1
A629Q,1
A629P,1
A629Y,1
A629S,1
A629V,1
A629T,1
A629N,1
A629M,1
V630A,1
V630Y,1
V630W,1
V630C,1
V630D,1
V630F,1
V630G,1
V630H,1
V630S,1
V630I,1
V630K,1
V630L,1
V630N,1
V630P,1
V630Q,1
V630M,1
