prot,perplexity
TMIE,2.7590993792320186
PPBT,2.24604156913051
NKX21,2.8582605863660118
ABD12,3.2619874690110944
UBR1,16.064050328212698
EDAR,3.7126612368506327
MLH1,7.0814309684703645
PRP16,5.312511024997265
HXB13,4.7623968753815
AQP4,2.6511509750839366
TTHY,2.7490076523986064
BFSP2,5.485074842243077
AT2C1,1.1184711392413182
MOGS,4.909700883935488
EDN1,7.991422632439319
TM240,16.69655052064519
CCD22,5.6231815268711784
S26A2,2.77420467842121
COX14,8.426022580647553
CENPE,6.940458830470905
NLGN3,1.7335041583784845
GNPTG,4.067292213222755
COCH,2.9362737843052567
LZTL1,8.015669239113514
DPP6,2.303010317191063
RNH1,2.6964140273297756
F13B,6.254378154555037
RM36,5.477647700125577
S19A2,2.5055767741868507
GNA11,1.9893421839128236
FAT4,6.7384839275349835
DYN1,1.3945025451517938
T126A,5.799202513989082
SCN4B,2.6694458875462534
F222A,13.836118617486935
TFR2,2.454150061198534
ARHG9,2.420475088147861
SC6A1,2.7432464161631156
MCP,4.897514904780638
MYH10,3.6409996445939035
JAG1,5.776578210443694
BMP1,1.3419852688494185
ADAT3,3.333581967115681
ALG13,6.810260429727291
MYD88,2.442252958336832
ANTR2,2.4958257109503923
WDR37,2.1263705029624864
SPAG1,3.1244711652054526
RUSD3,2.988246461115112
ALG8,2.173735808680729
CLH2,10.076469216481215
VHL,11.23233650160332
ACL6A,1.4916880021195655
DCTN1,10.145766412759665
VACHT,2.8280355796015724
IGLL1,3.7106521487668127
EFNB1,2.8338582403772317
APOB,13.331468796836399
TRI36,3.601507710971969
MYC,3.8646627299793073
IMPG2,10.249524489497725
FKB10,2.3207511413654096
FBN1,5.413492587928751
MYCN,3.0845408502287235
PYDC1,12.583723173177525
EPO,10.463464634792805
SC23A,1.0687244922002876
KAT6B,8.58431056771286
DHH,2.8444456513835674
CLCN4,1.5724923921854475
KPYR,3.064780108952615
HEP2,5.024738555477
PLIN1,5.1462279623262015
LAGE3,8.538120852473863
K2C6A,1.6275121717218437
GDE,13.156726903201447
KCNJ6,2.5113523566405282
PDX1,7.2232720801063985
FOLR1,2.430234772022542
LONM,1.690931689085177
KPTN,2.1991216400056426
STX11,4.3470710018558965
HCFC1,5.565878168275936
NDUAD,2.689932010394755
TM10A,4.017677779789768
CBPA6,2.438656639647977
HNRPK,1.82083418599629
GT251,1.7571233569979707
TBB4A,1.1041846884769175
PIGO,7.814866208857851
SUZ12,1.6753456018033968
HKDC1,3.128355812483805
TIM14,2.1774626366292167
PFKAL,1.4546508881103097
HFE,5.779172081020538
NTH,3.272217114771613
MPLKI,10.2899885714034
RIT1,3.0369374398913145
RNF12,3.544204208915196
DHB4,1.7947982286711894
OSGEP,1.6420996169631439
PK3CD,4.277161462158676
SIX6,1.9955962540037853
VSX1,5.856534689797457
HPCA,1.4725409345641918
PP2BA,1.6000304543482005
STAT2,3.6363798600963344
FBX11,2.7290196234246866
ELOV1,3.906428943195794
NYX,6.570957701994497
EI2BG,6.9783115445679895
HTRA2,3.099390123361743
P3H1,2.1981095065893443
FOXP1,1.5293614134475113
MS3L1,3.5780658475428897
MCEE,2.2646015064124128
TPM2,1.4553044601660339
LPIN2,2.766653429335394
B4GA1,6.791270406422452
IFIH1,3.943196603949485
HHAT,2.2092223883329454
GPIX,4.963417675777191
CRYM,2.4659817040807357
RAB18,2.442670209208043
ROM1,4.760210522601374
HEMH,4.1214294204412045
SPT16,8.7273379994927
REEP6,3.4232916458271703
STABP,2.4516216579003483
COG5,3.0724131718849343
BAAT,3.834809402468572
SHAN3,6.151196735107932
HERC2,10.714180784740343
CFAB,2.9933865233697325
PLCB1,4.321090889580695
KCNQ3,2.168203917703839
FGF17,2.6647663270539415
KMT2C,11.029405050769105
AINX,3.0107240654832395
MBTP2,3.6720468950742005
VPS51,3.6758331873026693
KISS1,13.1937243673618
TAB2,5.53146696184445
NICA,2.3573452165453177
C1QBP,2.7672478092700037
COAA1,3.144753079561144
PA24A,3.0735074393594113
T126B,10.615844749856448
IL31R,6.45884519355321
2A5D,1.085402417472179
PNPT1,3.5516857643645756
NTRK1,2.4470346178127875
FACR1,1.9525723879615553
TAU,4.038761345127228
ATLA3,2.586345002227943
RB,4.6318947808163795
KDM6A,4.619101893115635
PAHO,6.893234999338739
CP19A,2.95477009126185
TINF2,10.158224992829494
ARL3,1.2754038894110744
DYHC2,11.95576451053324
STK19,11.119022496394178
PLPL2,3.3388934070155667
CRBN,3.8424857696289783
CAD23,6.5773933480312685
GOSR2,6.830488896285216
PANK2,2.8323559560758174
PCD19,7.443528279877527
FERM1,2.7296051093482943
SMAD9,2.110423198150586
TF7L1,2.9185255880293486
CF410,2.95408937864548
RMND1,3.440254288824193
DPYS,2.4630058934194063
PRPF3,2.796507744141647
PRPH2,2.365850663363544
BAP1,2.7544935684563256
TRFE,3.81887907624291
PITX2,2.5272952490899643
BCS1,2.177255623159117
CRUM2,5.936276363442993
RAG1,1.9861387907308805
NDUF7,2.6319555518072835
GUC2C,6.044635695314589
RAE1,2.667804920665603
OREX,7.1199976112057515
IDH3B,2.7790387223728104
UBA5,1.5752928226046055
VP13B,15.723187779025254
RFOX3,1.3801013004729956
BBS4,1.8289641435792965
GDIA,1.5153472211274217
MYO16,8.908792713406992
SHFL,14.002693201087409
TA2R,2.732636683538904
P66B,3.8006259138010936
B3GL2,2.09638319058456
CO4A1,4.212121854615147
MSRB3,1.8162685854631784
SYRM,2.7289646657719078
NPHP1,3.6068846129587575
FOXH1,5.952455365506754
FIBA,4.849091258948312
PKD2,2.1833333486605717
UN13D,11.898462458916397
PEX14,3.42377652332811
TBB6,1.3592456166059397
GRP1,4.2370406593253
CDAN1,13.840099408893344
RHEB,2.0272467835258383
NPRL3,2.3602542599859935
MOCS1,2.390665818586458
SOX18,5.145672289584965
PGS1,2.431841996272802
XRCC2,2.3459035031989433
G6PD,3.3710446975886352
GALE,2.182006998430137
IGF1R,6.09385394752082
GLCTK,2.667619249045913
CCN6,5.369443124108632
MANBA,2.8409344956085176
KAD2,2.1300843770497098
MA7D3,8.291710664630775
MCM2,1.4805466933916964
CHC10,2.2484787782748676
WDR73,4.736121095821661
TPOR,6.756268080935652
TPRKB,14.751026844584784
SFTA1,3.269338249896374
SETBP,13.788286531432679
PSPB,7.255343869692924
DAAF5,3.0973360308458684
TASP1,1.8162900767005639
PGAP2,1.657694107642156
ELF2,4.515751228125679
CHIN,1.6445851483618321
ASSY,1.5605354023255202
ATL4,5.695116163170213
CLN5,11.497208380383316
SON,5.487715081164099
PF21A,2.4615180661635274
DNAI2,2.3587310816321847
TPO,8.694344621213236
GFPT1,1.2397400575756796
RUXE,1.0883662731767911
KCNE3,4.8456192367702355
RENI,5.58721173751491
TECRL,3.5559888950146834
SURF1,2.142917600203265
NOL3,6.527114234792734
ODAPH,12.532056941611392
S61A1,3.4275635544560576
ZP2,9.11621016034084
PACS2,1.099599523039214
PEX12,3.433769330099162
INF2,5.963710077124173
MET,8.36454937352517
NMNA2,3.250580381439618
CHM2B,1.5474028681203613
CLMP,3.1398891469755914
I17RA,5.9957192073934955
CLP1,4.478852046103678
FAAA,2.9114442094628283
RRP44,3.4614573737472547
GORAB,4.256183607032213
PROF1,8.363156040034458
KI3L1,3.7513043424563692
BGH3,2.6021300066999546
TSR2,5.488628766667091
KIF22,3.532740831055014
TX1B3,2.4442061080889728
TEX11,5.965058016368453
STN1,3.0187547745400827
CXG2,4.744653148889415
VPS45,1.687286742954784
KLKB1,3.4988564224367997
KCJ11,2.770613391011792
FMR1,2.5532436904050386
USB1,2.555108002327739
SIX5,5.1254516485513735
KCNE2,5.569453277089319
1433Z,1.6057344818398167
VAPB,2.937093717887488
GHRL,11.090903236830705
PLVAP,6.936398827230748
AGM1,2.0769246329069726
GLGB,2.1159872989491686
I36RA,16.2177982924828
HCN4,3.7651787055329033
SAP,3.4134862624067384
FA20C,2.293963490483711
DNM3B,2.2234382724599775
KLH10,2.5883604207564193
HXK4,1.3040837778911256
TXTP,1.3709577228295395
CLIC5,3.8020436086226734
TISB,3.803811034231321
IMDH1,1.3063014893365223
FRITZ,5.067698042909543
AMPD1,2.5285376804387187
MEF2C,1.5335993470886127
WIPI2,2.728483925817603
HD,14.11843449792473
PER3,8.823608697177015
KYNU,3.086987410593313
KCNKH,3.688750649252947
AIPL1,2.549087043584404
SET,1.3441709809555737
AGK,2.832342298112528
ARI1B,10.08277089813996
CRX,4.707142179292975
DMP1,10.730840951795809
FUT8,1.2140096874535216
KLOT,2.8102928153079074
ISK5,4.505701723542291
IDS,4.099239610006302
ACSL4,2.1278577045907485
CADH1,3.893179672710272
PTN11,1.6624516698349494
RM44,2.616319236228181
CSF3R,4.828456566669566
VKOR1,2.771102367382447
DLP1,2.3116912771477005
NCF1,2.4787955417777545
TENA,4.727960947531668
CAC1A,4.68674695421915
PERI,2.4035814298722187
DJB11,4.718898801000356
UCP3,2.31299515981833
PEX26,4.7822779260764525
RB27A,3.156629983389793
SOX2,2.41643356724132
CDC42,1.3186364536926798
RAD51,2.413555201551665
PARN,2.029513715029093
ETFD,1.960959040750064
ACTN4,1.1153650649844662
FBLN4,1.9764940109498519
VAC14,1.949571201108842
KHK,1.7908697872540928
TBB5,1.105331835306385
GNAI1,1.8341599494655876
K2C6C,1.6812214401870764
TRXR2,1.8833581145653726
AGRG6,7.657316808930505
SETX,13.75666197999338
LAS1L,9.52880007879168
CAV1,6.373219155458828
PTEN,1.3131753130804957
CALM2,1.0223644140734651
SDHF1,4.207372500149308
NDUA1,12.754849605778837
PDC10,13.334424106192769
INGR1,10.061489651069163
EIF3F,2.762581737558087
IQCB1,6.700869354423147
MYCD,2.790428051942153
EPT1,2.448960888332762
NCYM,16.264433262359244
PP1B,1.3153834093679182
TRIPB,9.050991538474433
TRPV4,2.2231326290663334
TR19L,4.571906966350858
MEF2A,1.3024375712035472
RSPO4,3.7329226459644826
PDLI3,2.6130315285912307
ALG11,2.0638700120615554
CDN1B,9.19838396231765
LMNA,1.7358402696094426
TPC11,13.846626869163527
CO9,4.394724023193765
BIN1,2.112443213534613
MYLK2,5.0566782014653056
LIPH,2.29037560457627
CLPX,2.226245803269907
PEX16,2.9404812334200594
CLIC4,1.8899226296480751
DOLK,7.78777453729761
OPSR,1.8041594396734135
THBG,6.616499328221344
FRIH,1.1662697097790453
RAB9B,3.0317528383023555
KLH20,2.8575868040115653
NLRP1,9.248309259141392
TRM7,1.9584583983388544
RL10,1.0609491945536114
PRB3,1.919218467640918
SEM3E,2.9311145307285
COG2,3.2634380864977754
ORC6,2.937648590998753
FYCO1,9.102221202700333
CRADD,4.587446914963367
SYLM,1.9272859076952154
TGM5,3.4352028489280944
NLRP3,5.053240930025182
REV3L,12.654613490287577
DP13A,2.7787155957270753
ELN,2.54754813513051
PIEZ1,14.31048335606083
NDUF5,1.933005254792088
PRLR,5.533336272257822
ELMD3,4.65761071377959
WNT7B,2.4035076682801675
UNC80,15.535966703335921
S35A2,2.460663477402918
CO6A2,5.474837835454859
ATPD,2.212335701069391
SIAT9,3.1758576559988785
SPHM,2.6007081714079296
CY24B,2.2387283955881454
SCN5A,3.5810180483094096
TNNC1,3.50794234074497
SPE39,9.387938798493833
NDUF3,2.7645569022437066
DNJB6,2.0625585044930896
PDE4D,1.602416470770895
BCAT2,2.91315431226237
CCBE1,1.9245473324562432
ITPR1,11.585900526763817
HCDH,1.5909676526390961
IL21R,7.019469918248587
BBS5,2.4173480572865427
TRIO,6.707324076860125
SPD2B,3.06499398797006
TF3B,1.9694024563886432
RET3,4.070975307754041
SGCA,7.000605583183531
DSRAD,5.889164460752324
DOXA2,2.9601639079559185
FGF12,2.58736589885702
WBP2,2.7132284846416725
GLE1,12.969248271147572
CNGA1,2.5414121421252505
ZAP70,2.020551666208546
EDNRB,2.3095988679930652
PGAP1,7.182444580002341
ZDHC9,1.8641163242994443
ZNT2,3.059397546477369
DNJB2,3.5087534777508083
P4HTM,3.032901072407465
KCNJ1,4.839397611963915
HPS6,9.120885284882437
DLX5,4.016603829779912
SFTA3,15.609537867122032
NFU1,2.8360826838578337
ACHA,4.755551425331416
RNPC3,4.007313161872408
PRKN,2.2558805064362994
ITF2,1.4242674828294246
TRPM6,10.592717134049265
3BHS7,3.385553730896434
MYPR,3.4103712272418183
ETFB,2.132368609687773
LAMA3,8.892605281806059
HIKES,10.281348126525144
DCX,1.9833473392552166
CY561,2.3312963766701174
CD2AP,3.442051897420132
ABCAC,10.281908715009095
MMP9,2.65338306420006
RN5A,5.123502644023515
FGD1,3.3843907786961296
REPS1,1.331958449966863
NCF2,2.4911777371417156
CL004,5.310052827888531
2AAB,3.141766733151289
ATNG,3.283663645318029
DC2L1,2.5550528373531054
RFX6,3.772946846112866
PTH2,4.3113914022151425
CY1,2.437020855916213
SNTA1,3.10903796070995
EXOC4,5.866362593684782
IRAK4,3.338513480767573
TREX1,4.467136378839577
LAP2A,7.966303355303765
CAH4,4.633417919787349
TNF11,6.9382942201175375
SOST,8.280873838596316
MPP3,2.168671759918381
ZN335,9.095140151891572
EDA,3.143230937766688
ACOX2,2.9639402939164454
TNR1A,6.058345792967954
FHR5,5.101229821349939
GLRA1,2.148010719663657
SYPH,2.4557710026601836
S52A1,2.4965584941361056
XRP2,4.197510645315305
FBN2,5.2954429029408425
G6PE,2.424365475645104
ANO3,2.90965378008489
SODC,2.2118443744911747
U5S1,1.2262680499229632
TGFB1,3.3954977074889516
C1QA,3.945942140416129
ODBA,1.8891308271493605
CNOT9,2.083378015781409
SLC31,3.0604878843853505
SERPH,4.071147592472519
EED,4.445322772642984
FBXL4,5.494142069794022
TNNI2,8.673931301050708
ACHA2,2.8930285405366893
CLCKB,3.411210924560434
HEM0,4.28777101929801
NDUF8,3.798301383873959
CEP76,5.225003289992756
CDCA7,3.618153725046298
CERS3,3.168735287774179
MGME1,3.7560197971313944
HDAC8,2.8253432410669976
RRAS2,1.2665482887673303
TGFB2,3.5516131229326473
ATP5E,15.149529541341678
FGFR3,2.4509789470457606
ST14,2.6792301949297754
HEM4,2.0427680528748082
JAGN1,9.398227807316253
ERPG3,9.395457393527801
RS10,2.0394979089608953
SCUB2,2.01379459600335
NDUV1,1.6107089565026977
FGF10,3.5022530959279847
CO5A2,4.908664258605621
NBAS,14.99393290982298
GRIK4,2.6029926589101975
EI2BA,2.1548296380132625
FINC,7.313296344239629
POMT2,1.719396914530401
BMP15,8.040857414962446
MPP4,2.6019267870030274
SKAP,9.57236267593628
S27A4,2.205874857338913
NEP1,2.2350882748963135
TF2H5,15.785937860830535
ARV1,5.668341292154051
TACO1,6.966519054983241
S5A2,3.3963411446340186
ZFY16,14.410651729137355
MYOM1,8.133705713697259
BRPF1,4.464127164296674
TMM43,4.230189994998437
TPC12,9.062166247609934
GET3,2.027690661404779
RNF6,5.053651385084035
NADE,2.4261286840925864
GABT,4.208510992599652
CALM3,1.0223644140734651
SMHD1,13.484547076243443
RUNX2,3.6598120171619595
CHCH2,2.24289508924208
K1C17,1.517818195748721
ASM,4.678146966443081
MYG,3.7424175023056585
KAD7,1.8852184657110878
ASPM,8.787833018662543
CP21A,5.115006268610944
HOGA1,2.147921559609244
WDR19,10.532760109410388
IL12B,7.069124396057527
ROA1,1.1462315399775498
FA2H,2.445786886609045
PEX1,8.444633439677933
CEL2A,2.811721888064094
GP143,3.638944985194553
HBG2,2.8018812314250026
RNH2B,6.405781990111667
DYSF,9.357268332756215
ANGT,8.334599690932697
S22A5,1.6699729011333169
PMEPA,2.7942577432543154
ACADM,1.7513480245569835
MSX2,2.9725092166472673
SLIK1,5.073240728427146
ATF6A,4.852685086410514
RT14,2.630706008171694
ASCC1,4.833552491220431
HDBP1,7.621820120780679
RSPRY,4.437563721843656
WDR72,13.365689452171676
K2C71,2.479390034106302
DYH11,10.77915868680078
PLMN,2.677549402018214
PIGU,2.4654701957660103
CXA5,4.37221267291238
GNB5,2.129434091709129
FXRD1,2.5489588063912296
PPT1,1.9404281444133118
COQ7,2.3864476580384406
IGF2,6.017093496659305
PERE,4.688195180935511
MIPEP,1.630997256805128
FANCE,6.699367935904938
RT22,11.696787406903594
PORCN,1.3060768416909643
CAC1G,5.638579743226122
ASH2L,2.9324734580733596
NOTC3,5.725026771298104
ACY2,2.117267365596948
TGIF1,6.8751960479916745
NEUS,5.5331739317174256
LHPL5,2.3772983660386386
GATA1,6.0564098864786455
PAX1,3.371510067511585
ISPD,3.566479694529293
IYD1,2.059692471159694
ACHA4,2.4533982528731095
AMPD2,1.8618103101592485
CCD78,7.907104897555449
2A5G,1.516030267751386
NFIB,1.7144621591952243
LRP2,5.958428560316091
TRPC3,1.7528162823179811
B3AT,2.5541277115223884
SOX11,3.8936472586712174
CTNA1,1.6237776961375712
CALR3,4.082172335213348
BRAT1,6.259121248466029
MELPH,7.5915730880364185
ANT3,6.238380709512636
HYCCI,6.2779649384621745
GPDA,2.235435614628989
ACSF3,2.1648725171078103
LIPT2,2.973104575558323
ENOB,1.382052154533592
CETP,6.632814236386346
MYSM1,10.443204915143811
ITB2,2.075115567315991
HEXB,2.7819064566884
FSCN1,7.966705276428746
S12A1,3.3111183385264717
HECW2,7.656828544784439
USP9X,14.010990201491989
EDAD,5.675342081246313
IR3IP,4.032439900771558
BHA09,5.629704627872993
EMP2,2.282303207387492
ATRX,9.083122902066563
INSL6,12.49850390012334
RECQ1,2.4209791351161725
DPH1,2.417206348494104
GEPH,1.0154416629077276
FKRP,4.391079712519164
APOA1,4.615626613048324
VAS1,4.718231057470345
PGAM2,1.696057701737316
TRBM,5.170141646118346
QCR7,2.0766410062005867
KNL1,13.15768116422987
RAI1,12.686766578625592
TYPH,2.974593313045373
ANM7,1.948942093011335
CASQ1,2.0893681718319765
GRP2,3.3830899336525073
ABCA3,6.8657174120411195
MCM5,1.7362947763641932
DRC4,2.018241171100259
TPC2L,1.557983779135585
5NT3A,2.2027585276917705
GBRA5,2.0995132393448444
TBB2A,1.117567332913566
KCNH1,2.452760611197695
PSPC,8.257002679333024
MTMRD,11.056266322965982
CC115,9.161645396352169
VPS11,2.866439374232745
ZC4H2,5.602401725096233
GDF1,6.846513269515719
APC,11.792829195226942
BAF,10.88039232878412
MTSS2,1.1459718554021103
APOC3,6.790042338473131
GFAP,2.506723693583623
SEBP2,5.361506671144284
OTOF,9.28610587834357
KCD19,9.509946119591723
MTHR,1.987291231019992
CMC1,3.0896871100608956
PDGFB,4.582768876915118
PIGG,2.051361902950222
RPE65,1.8155018709913453
STING,13.6716640989435
RT16,2.517056342413269
PLCE1,12.277149548450712
K1C9,2.82716683545389
THSD1,8.972939890648158
B9D2,2.5451605793880963
CAZA2,1.652239099089393
SG196,3.638771883291231
VP33B,2.7216766181200542
TYRO,2.3293660522937203
TGFR2,2.6174720774462834
CD3E,9.341044981470677
MCAT,2.662919309359617
WN10A,3.96676737365571
MEN1,4.360709932709864
WDR35,9.963528635051956
GRID2,2.3814109697454198
NCF4,2.8923744342840605
ANK1,8.29179901769176
DSG1,8.63978539360081
TWST1,2.530303386950936
GATD1,2.317834179321886
ACTB,1.040222784294958
SPCS,2.7388918737320243
SL9A3,1.7956475634106346
CIA30,4.1965754795882395
MYF6,4.151196280293469
OSTM1,4.547141240873505
LRAT,3.3502564074968464
VWA2,2.377765637917145
CDN1C,6.347458602876341
ADAS,1.9970286692611947
SYWM,2.5596871576596616
DTD1,1.989917046261168
TYRP1,2.2818930412418728
DGKE,2.8664209254476805
ZP3,5.161571553260835
GSHR,3.1560854500461533
CADH3,4.423213856478668
WNT7A,2.728502368921182
CASQ2,1.9934965181626867
PALB2,14.754336389921109
UFC1,1.7149383415763355
SRCH,4.765996063708452
XRCC4,6.390626113701285
T2EB,2.6803115709352654
RL35,1.444062854366084
UD15,3.6103753321511793
HEXI1,5.205488984688299
ARF1,1.1522415531062302
FREM1,10.696669343652392
PIGN,1.8514105144994444
CABP4,3.8521440003395084
WNT4,2.805746981313255
SH2B3,5.317907054546642
PPLA,13.945668071561867
MECP2,5.41041326925715
MMAC,14.573804090657418
PDXK,1.6080723083402615
DMD,6.158062768213921
CNPY3,3.0592123802665543
CH60,1.9198740124690927
LBR,2.840899178451919
RGS9,2.4387510926979266
MXI1,2.3391046821948063
KALM,3.6125944036881505
PEX3,4.2213292804526406
CRGC,3.006180558703936
RPC1,5.446797195787202
CC134,9.151143318127025
GALT2,2.1302830931213794
RETR1,3.2715900840761565
LRBA,10.523265435711753
GBRB2,2.492048567430263
FACE1,2.3325467336844734
AR2BP,5.225713410505668
IFT43,15.949542888784707
NTF4,4.6580692706386575
UD18,2.871180365320053
HUTH,2.6973419775947294
CX6A2,3.24956953768284
RAPSN,6.0169308936709465
MYO6,5.8051440589297405
F111B,11.650775930759279
PLOD1,2.0237798106667078
AMELX,8.667367722554
LIAS,1.92188876747208
SPTA1,8.52689273488833
IHH,2.5465626179520857
MMAD,12.342702576900765
JKIP1,2.4077267044977786
SHH,2.333447009381955
STX7,2.4888288070307834
ENL,3.1317515246661864
K1C12,3.064158391398866
JAK2,7.132952943126587
RP1L1,8.632268328183365
MIPT3,4.500738226791885
LHX4,2.2179424651083584
RA51D,2.0620050657374733
NB5R3,2.768778474829721
PDIA3,2.0935981345724195
GLRB,3.4105250498571325
DDC,2.6641452898591647
HEM3,2.616968235606111
SVIL,12.78257257435495
ANO5,2.511978633245568
BRAF,1.0242642795072718
ITB3,3.7504785273279473
ARLY,1.9426252910969126
SMC3,6.313880883295321
NBEL2,10.624483032970579
ODPX,2.527882902238022
RPIA,2.7100813413865983
HXB1,5.581834822641546
CHST8,3.101095340693789
LRRK2,10.465734681539644
PODO,3.971764472446249
COCA1,5.492545639718713
ADRB2,3.4675568130699825
HCD2,2.1155803554362778
RAD9B,5.037884357260154
SOX30,7.697825645165586
F120S,15.21525812509439
RYR1,12.37948242144761
CO7A1,4.8909887152664595
T23O,2.3367113827945496
TNNT2,1.9373073610271692
COA7,2.9910456659381146
KDF1,13.62184344997453
CDT1,3.644678894964893
PLCD1,2.9737127503534166
S2542,1.9706073416109686
KLHL3,1.531420938516446
ES8L3,4.426424211466557
3MG,2.574488719641368
DGAT1,1.9697781555378457
EMC1,2.8497400054588375
SEM3D,3.152163160434348
IRF7,5.0048132073155225
NPRL2,2.866840094324388
S39A8,2.825799502008945
NDUF2,9.151006982819867
CELF3,2.0909142842476163
SCN3B,2.6507415558684233
FIBB,3.9179111018791972
COX41,2.6384085819542222
ABRX1,4.48744752272923
FGFR1,2.625164719262591
GLI3,9.932313181219527
DESM,1.9042811771055865
GALC,2.0020904634486
GATA3,2.8456976784750294
RET4,1.848450217390877
MCCB,2.357420667094734
PEX6,4.840557393497357
SCN8A,3.020641535040046
MMAA,2.1636511384405153
PIGS,4.331965031723435
NNRE,2.471268734201283
ATLA1,1.893548846301998
PRRT2,5.028385188869471
MOC2A,3.9946057267223214
MPPB,1.91682180348613
ESRP2,2.7460164804587093
CAF17,3.1059141914298176
GBRB3,1.9663911338426423
IRF1,5.354197992466519
MTO1,2.3382833464882546
GPVI,5.234265728106974
SSUH2,3.1061279427592376
IDHP,2.304665985629381
CAH2,2.9403724159563023
NHEJ1,10.339837012898686
FOXN1,6.463749682315476
PTHB1,2.782220682685292
MYT1L,4.155917080675517
TRRAP,14.793218219708253
GNS,1.9803348798792066
LARP7,7.624935179195235
ODB2,2.1370771652835474
PORED,6.868638540881379
COQ2,2.548306384772778
INT8,10.188558081640185
MMP13,2.9956204356884455
ANAG,2.3377512905647255
NAKD2,2.0726217233443505
TGDS,2.262378899315921
PAX7,1.1466098133120366
HRG,7.996120846660262
PLOD3,1.6135662702913647
CAC1D,3.8022138667582186
GRIA4,1.7893022866090902
RAD21,3.924896020023112
HAX1,8.268372429649498
TNI3K,2.0564116926153546
RFXAP,3.9446374737125
RAX2,3.637176805444332
OTC,2.233650830713901
PACS1,2.0528043240878127
PISD,2.2473011066357396
RPC2,4.4472876405298
KMT2A,11.904269917959542
AP4M1,4.181425209563876
FLCN,14.355533942111565
NMNA1,2.6696029642353323
ACAD9,4.478801404036254
H6ST2,4.035446157436406
DAAF6,7.843967845135002
ACADV,4.378301207928029
AT2B3,1.9544893318742502
LMBD1,2.2258135297266297
NR0B1,3.67306636389523
FBXL3,3.147928533985301
MKS1,11.742033178088588
USH2A,8.361702073048555
ASIC5,5.168748690629696
TET5A,1.9856673392992141
PYR1,3.4965734275801297
BRD4,4.3985177834027
MLRV,1.4903187048494395
MYO5B,6.326886749615904
SIN3A,13.121339035808168
TIM22,3.4592681363433173
AQP1,2.47132406664399
BTK,2.122185006449622
ISK1,4.810303362672002
ROA2,1.8335802366074312
PNPO,2.639517102896054
SOS1,7.6933380092138846
NEUR1,3.0452151067470212
BBS1,3.489017973833597
DEN5A,10.292404406058049
MTMRE,2.6066911627688425
SYSC,3.6748781919954605
DONS,14.128317840086074
XPF,2.219160885650861
BMPER,1.5874971596481349
MAGL2,5.009352693523304
GNAT2,2.832309077412572
ABCA4,8.388654408909861
RNH2A,2.487965953553454
AXIN2,3.0384334022927386
CASP8,3.1913552230805684
NET1,1.4281725420026017
COMP,2.5327925902080057
S39AE,1.9927730657971892
ECM1,9.988780451879324
FOXE3,4.28118102356806
IPYR2,2.3624018143773973
RPAC2,3.911358363594415
SLTM,5.412018663273278
SC6A8,3.3602527407946297
NTCP7,1.5053637387498207
IFT27,4.275158922631256
GATA4,3.428039118859726
CLAT,2.950055701658155
HBA,1.7815350040769906
MEG10,3.599021324587146
INSR2,8.731050433197106
EMD,8.723428053791805
HIBCH,2.006394660707176
MYP0,2.5621394225972614
KCD17,2.6006399240316007
NDUAB,3.958932313799612
K1C14,1.474698682609658
TNNT1,1.9000444179887859
HEPC,9.55716985184372
THA11,7.646234580157905
L2HDH,3.722245776939009
FIGLA,7.905495757661065
HXA2,4.137459583496106
HES7,5.021615153061436
PK3CA,5.931610505796072
ELP1,12.800846400273134
DAF,4.489640426395784
CHM4B,2.3992961577089815
KCNB1,2.8610140334077196
B3GT6,2.320619633631184
MC4R,3.022290281313087
SC6A3,3.6296217707568887
RT02,2.7264524271738173
UD13,3.4660299140551905
DYHC1,11.962682718285196
POLK,3.3403221201478015
HCN1,2.6435206171980994
ORC1,4.1403343623622035
MFTC,2.8975403238416786
TERA,1.4769466843229075
SMC1A,6.593490332385685
TTC19,2.6593523445341067
CBX2,5.929342197019751
KLHL9,5.7402633025068255
MYL4,1.345167575765968
THRB,2.8140288471600288
AP4B1,3.8099930972954184
FBLN5,2.8201284458407194
FANCB,14.829347290326544
IDUA,2.2895947784324973
TECTA,8.533132080628606
PDCD6,1.4914495103127228
SRPX,2.3634115001919436
RP1,14.703910983991408
PTPS,2.2184731821675325
CAN3,3.5587176005767724
MRP2,4.997428911130006
GPAA1,3.27102694408085
SNF5,3.173193800062289
PPARG,2.7180436070046086
EST1,1.7478493790804954
TBB8,1.4827092426507387
PBX1,1.2692301874347696
KCNQ5,1.201590598303224
CUL7,13.722082339933316
PSN1,3.2977057104223766
CHD2,6.601432380238526
I17RD,2.6829322702239247
TDGF1,7.138673766032348
MET23,4.358682820293277
RAB23,3.7687943206684578
AUTS2,2.6472977102709874
ARMC5,7.473209637502231
NHLC1,4.067303329656664
CREL1,3.3010862775923724
RL5,1.221570771625941
KLRG1,7.232756077644603
NR1H3,2.4971706570322922
MYH8,1.5904502427134257
VPP3,2.4691148364454114
TPC,2.580222437201293
CATC,1.9975173451592647
GRIA2,1.7079708507443092
CLUA1,2.5257916582826896
ASXL2,12.317173601765676
ALG3,1.6194405848199225
RB33B,2.8285930682361147
JAK3,6.826817121728405
S26A1,2.8248745266388027
HNMT,6.165617339119753
ODPB,1.7069015393709257
GCM2,7.411948733065523
AGAL,2.74295966863724
GRM6,2.704316508616292
NGF,3.988658228346715
ACKR1,8.560827404323081
I10R2,2.993731986654055
CBPA1,1.834355345652901
ACE,3.057571729079586
MPC1,2.16002406895793
WNT1,4.454283671503964
TBX18,2.4980017224075803
PYRD1,2.2642482750897686
ERGI1,1.8241948207141965
SAMC,1.950264232307008
NALCN,9.863910024149558
EXTL3,4.732615642138169
PGLT1,2.265672730094375
TM237,4.2387029708283315
KRT86,1.512079539218399
DHE3,3.028668317549335
SAM9L,14.664195941154576
ERCC8,1.9241137286107828
RLBP1,2.977998012780941
IFT81,5.303130669946766
PMGE,2.8426002998666555
MCM7,2.0832779943888964
NDUS1,1.721564671868617
DHCR7,1.9858818817255735
PXDN,5.934135054706649
CCD50,2.7545814658645233
OGG1,1.97500968310387
ACBD5,4.948066532733596
S17A5,2.728975971932402
D2HDH,1.831688491832088
OGT1,2.047690232855653
AT8B1,4.620662785275613
CRUM1,6.591956991498005
PNKD,5.713771859878992
SC5A5,3.640191743336609
VSIG2,4.5067746482941935
FPPS,2.3298288543219385
FDX2,3.0267534909109455
AMMR1,2.295267160932152
SYTC,2.1580702014590183
GLSK,1.9986014621971253
SPRE,2.31747316647647
AP2M1,1.6694071456443953
WNT5A,3.5569533471568784
PRP6,1.5875862897288633
KIF23,1.787995611053362
GLMN,11.347823343489454
RSH4A,4.521691924425859
ADDA,1.791289864616729
TECT3,9.913009456479289
SMOX,3.012056792931113
TKT,1.7166756353879178
GDF6,3.368857909364849
RTTN,13.914464575737385
GP1BA,6.5854154331965455
EXOS8,2.1505489359614285
RT34,16.421329820330445
THB,2.2639719402100864
SGCE,2.202337327829291
GDF5,5.049383131636233
TM165,2.0427541077239373
RET,8.30242324144989
TSN7,1.9534606280661064
PJVK,16.23228832551513
TRY1,2.588314502248843
GNRHR,3.9969481998367407
AR13B,4.340221656688578
FGF23,5.0938473423440485
RXLT1,3.568060241635317
GP1BB,3.1545476319361834
CSKP,1.9874887385631794
S19A3,2.4413759555494
MNX1,3.8922742220950353
TCPE,2.727890216806602
GDF2,4.881528571732179
STRA6,5.236551054019774
SPB8,3.8071680371554457
HGF,4.474241836846342
BAG3,6.235174560136283
CD3Z,3.5166051829895917
TMPS6,3.064852355596994
ARI1A,10.105112426767388
CD27,8.016825799599555
RS29,1.5076994814970162
PEDF,5.584175274294537
ASCL1,2.1563210677348876
CD36,2.2825013995891736
ESRP1,2.3023691354069507
FSHR,2.8977046657077756
PAX6,1.9804810877218806
MAGT1,2.098145455946339
TRPC6,1.5684753882225602
ZMY10,4.034480104470769
DYR1A,3.4029096362987152
THYG,10.248026162731136
ACON,1.7139400028285656
PRIPO,9.5580614886731
PMM2,1.5203949592647994
AAR2,6.016981183213894
GTR2,4.147322090107951
HGD,1.9623841507210955
WN10B,4.013762043237347
RASA3,1.300507084361334
PKD1,10.4368868291541
DLL4,3.368546708431127
AP2B,2.471572644641009
MITF,1.4802906556582494
TNR11,5.514658630132428
AIFM1,2.353656814700093
RHD,5.81123951875542
DHC24,4.61626654732253
DCR1C,3.493355860256129
FAKD2,10.063206980093376
LGI1,6.886601215743707
ARL6,2.0450423695643
PSB9,2.1837521431583675
HXK1,2.9477295615959096
NDUA2,2.0987638626362335
FRDA,3.2714104262544845
MATN4,1.9593325646470259
MMP23,1.8893704078430529
ISCA2,2.3596340012187977
ITPA,1.4868130854513306
CBS,1.7888669029142292
TRIP4,3.2582933386488397
ESR2,3.0894754907482516
PEPD,2.0955467328335495
PHX2B,2.1999354279290046
GCKR,6.219276077076983
K2C1,1.9969023311124348
APOA4,3.8010912067584575
E41L1,2.8577475158111887
DPYD,1.719800598979471
MTA3,2.1109220076793407
MB212,5.433084129635158
CKP2L,9.445114649314045
MYH2,1.5358517105864482
GMPPB,3.1643685125967926
K22E,2.25971197472972
PEN2,5.003899126794842
PO3F4,4.333616449207864
MVD1,2.0136171841211175
NSMA3,6.407531245576144
MCCA,2.179107363966295
TSN12,9.64017519326281
WASP,2.708971750487352
KAD1,2.788375931347589
KCNH5,2.414295681203691
PLPHP,2.613975747238061
GON1,11.085806759227856
NDUAA,2.3435480404878586
PRD12,2.0900151638863043
TGFR1,1.811092220850497
FA11,3.693355486812983
ACAD8,3.447564898068354
SUMF1,2.0430795400248334
TBB2B,1.0870646228492769
ELP2,1.872968168814742
VP37A,4.191946381950539
SMBP2,5.285063232316187
SOX9,2.116894325371217
CRLF1,2.0075985171835096
PIGH,3.311820455025435
F161A,7.443229333959703
SYUA,2.376621320163434
KCNE1,7.171714761407816
WDR4,3.25407436840798
CALD1,2.0782474837274547
VP13D,15.682561769807142
RASA2,2.449868115398585
TBB4B,1.0401938180712396
ANPRB,3.208295705715668
LCAT,7.117233061292221
DAAF4,2.2550725442607313
PAX3,1.4696386630630442
NDUB3,2.6956576143692135
DLDH,1.8344773613959444
OST48,1.7725252091820614
KCNK3,2.2236591572741
PDYN,7.049463341416464
CGL,1.7319555992852593
SPTC3,2.0429348929041
FSCN2,8.396116630159945
TTC7A,2.4112467247373823
TOMT,4.545214856767729
PMP22,2.6552495615493155
PIGT,5.319953519136331
S6A19,3.48109641802426
MMAB,12.895488357455806
ARGI1,2.0853788528801465
TFG,4.087585538493137
K1C10,1.9441193362607136
PSF1,6.2746623109800606
GBA2,2.5299153076249885
CD4,8.342584022159832
PPP6,1.3216280496466666
STIM1,2.2730692606491196
ASXL3,12.664513549934522
ANO10,1.8214213401484902
DNA2,7.715125816712287
F16P1,2.6768510350237196
CBG,6.465006258054426
DCUP,2.251754203612103
ARF,11.126781857522804
NOBOX,11.050122648114266
PGK1,1.3600289315259513
ERCC2,1.6751981688825974
CRGA,3.4631976173807155
BCL10,9.780868529744904
GABR2,3.6287223842028027
LAP2B,2.337160431614133
KCNA1,2.2047866158073193
LAMP2,4.09696661803569
SMAD3,1.299732488252466
G6PC,6.667949042212213
CRGD,3.2153928176985804
CASPA,5.68960470605945
CTNS,2.2218452874189403
CTNB1,1.776215349806586
LUR1L,7.437126971815548
PXMP2,2.696173917782203
SRP72,2.6666546362119727
EPCAM,2.388583345655245
BICD2,2.2981857407100605
IF172,10.172638236393741
INAVA,6.961106856112087
PPA6,3.2629984544346566
FANCI,14.257836274287195
TMLH,2.38973728771248
PLOD2,2.045963324423892
STOX1,10.458819515789159
PROD,1.9396410855461803
ZEB2,8.71850420364732
CLHC1,11.560506736239118
PKHD1,13.829963161002487
SMAD2,1.565336678910114
ATCAY,2.9087069119898232
LINES,12.97042600199788
GNPAT,6.428556307509436
SDCG8,4.038070260566958
IF,5.710653087874118
FIBG,3.069363004001326
UBE3A,3.0567892383312727
NDRG1,2.008494123550611
KLH40,2.5762737459377107
PEX5,2.7174358699446666
IQEC2,4.623600656232394
ABCD1,2.29592500835333
DPOE1,13.299086938905246
C1GLC,4.427607954150452
VP13C,12.541511906381688
SAP3,8.073171998319848
2AAA,2.9423704165496276
CAH8,4.98889642366269
CYTB,7.586152561574075
CLD19,3.0159960198159537
SGPL1,2.5884216245890364
GHR,5.596114692900524
FA9,4.131278210625597
SNRPA,2.3472673178336634
CSK2B,1.668028621377259
DAXX,6.298489147420767
FRIL,1.906390376483572
IGF1,5.194603725133573
COA6,4.817104692206182
AHI1,10.000647285554304
MYO7A,7.358745262578412
RYR2,13.03924125862171
BL1S6,2.485801783143826
FLNA,5.035807440398189
NGLY1,6.056972839798348
SCOT1,2.543351429037174
HDAC3,2.7280772598081113
CLN8,3.675399664631688
WWOX,1.395840142264455
TAPT1,1.866685238012292
DPOD1,3.9228395196843096
DHYS,2.292455761884787
PTPRT,2.862531443911354
NFKB2,3.4537707152798074
CO5A1,4.064336320113094
FA5,6.973583859293669
PPIB,2.432372610707718
KANL1,13.720779290700724
TR13C,10.030489233899026
GBRA1,1.8954584897627917
G6PT1,2.3146402590374686
TR11B,5.356178980697205
SYGP1,5.498353187919687
PRCD,14.369468873105804
PRUN1,3.572823914897582
NALP7,6.963568237469585
NAGS,4.596386923373368
SPYA,2.246975497609617
RSPO2,3.1120576901504076
FMN2,5.3627564802686525
SGMR1,14.852305394998961
RAC1,1.0790100376729
PYGM,1.4057964737067747
DCA17,14.771432845981039
DYL1,1.2456513836690315
ACL6B,1.3954853729088854
EXOS9,2.918407883041828
ULK2,4.283777402942789
TYDP1,2.4153072837307987
LAMA2,7.761255026585295
KAP0,1.5675122110539403
HEM6,2.837474889389821
NHLC2,2.4985848925494136
CDC73,6.864953012976829
GDF8,7.768184394246327
MAX,1.850588890502102
AMNLS,6.581019505433974
MTP,7.138998450140767
TCO2,5.900362905458702
STXB1,1.3662062478677899
CUL3,3.725158581318324
TBA3E,1.240100925651549
PSB8,2.563727268869783
ACTS,1.1950432969376366
LAMA4,10.080934830565413
RS26,1.29773188041881
GLCNE,2.263318396724372
UFSP2,4.336942979329832
CE85L,6.66456909607092
TM199,4.1374495677185985
GLPK,1.8736509278834885
MGAT2,3.922007625460823
P85B,2.173930600582492
IL2RG,4.83405209280547
DNJB5,2.4029636090924793
PSN2,2.5019497744535113
GUC1A,2.3710557083614865
UGDH,2.247762042351973
TBB1,2.068881429705671
LARG1,1.6016240926977776
TBX5,3.7933927441205824
SYT1,1.7610372755663812
AAAS,4.78464793419679
FGFR2,2.2471839087048435
CNNM2,2.097685079042761
DDX59,2.4100536495442944
BRCA1,13.163270674254067
ACOX1,3.7713196654214673
TIM50,3.052524212289877
CORA1,6.503166719620744
UCRI,3.5355123776651447
B4GT7,2.094650045033175
MFN2,2.2493223252897576
AL3A2,1.7732510909504609
IL7RA,7.22002181022079
SIX1,2.252343311635303
NEK9,3.799435284322947
S3TC2,11.268643042813109
GRB1L,16.346949855023297
S35A1,1.7856646518336727
GTPB3,2.291277494959669
PADI6,4.660442262872509
COASY,3.2494185072512725
CLCF1,13.364045787866521
GHSR,3.2110190840126585
AP1G2,2.3467201006468725
S52A2,2.5129849489316456
QCR2,2.2509498572466384
NAT8,3.3304745235060804
K2C6B,1.684498570993132
TM216,3.4650106311143807
CHST3,3.247708194771417
AP5Z1,12.440684592845098
ECHM,2.5733138332126315
ROS1,10.122842299138775
S6A17,3.2905838074653695
FAD1,2.669883997803014
PAFA,3.2272631335122224
BFSP1,11.788278514154996
DMRT1,5.919838978002772
SOS2,8.006937055981334
S38A8,6.015707722268278
LRC51,4.791375480517169
UD16,3.830075822667224
FHL2,1.771002873890089
NAGAB,2.1902588782848733
ERBB3,5.1384872802921535
GPD1L,2.221444743960956
THIL,1.8496814292384711
MMP20,4.207589755598223
CO4A4,5.649500424349483
PURA1,1.5373531762222583
CXB4,2.820994529854455
MED12,13.778795233287532
NDUA6,2.7711778792842052
ALAT2,2.8910342742819823
COBA1,4.197688753683978
EDC3,3.7538598550952744
EFL1,4.3304952793509806
SO1B1,3.958559615072172
LYAG,4.540937281494064
SCNBA,5.396763596035463
FBX38,12.426946802674527
ITA3,7.3869546667047485
PHEX,3.2226400864707068
PITX1,3.065078173299651
ATPA,1.6353677887105706
CRLF2,8.140266734978619
SUCB1,3.743023790366168
APRIO,4.70548583442354
SCN3A,2.893275706229433
TMPS4,3.416278798618157
STAT1,2.466239381696182
ITIH4,3.8137968163863234
KMT2B,10.078635782834466
ZNT10,3.359002181843732
NUBPL,1.9015691985656216
UBP27,1.7375882773542277
B4GN1,2.2301012043077777
APOH,3.6883103663216255
SNP29,2.9266333684971753
SALL1,7.241714958124929
G3ST2,3.16885496652656
SZT2,15.396605037144031
ACTH,1.205633848717665
SNIP1,4.5775288736200554
ZN292,12.816325019031794
NRX3B,1.8271255819575405
STAP1,4.179838958933869
IDH3A,2.452815040115905
DHB3,2.968780488257163
UBN1,11.340205810113378
GLNA,3.0319561487680473
PTHD1,4.890830242815801
MTOR,10.404623876151417
CUBN,6.498874223247755
WDFY3,12.357146034843
CACB4,1.8707838881386634
CND2,10.74567559712835
GPC3,3.9179011532349803
BCKD,2.298790407203336
RL15,1.2527347305701726
CRBB2,2.2604970492733223
MDR3,3.31074328490877
MPI,2.179183244282648
ADIPO,2.9309279415133327
PIBF1,3.45660264493396
ECEL1,3.5147423385900725
PPIP1,2.0396277803052363
SYRC,2.0389294772822617
RT4I1,4.596775322930337
RIR2B,1.76833793829777
TIM8A,2.5814641295859952
FBX7,5.393228544338735
RARB,1.7046818824964318
CEP78,3.4773382869692875
RASM,2.7871786160150087
EMX2,3.1410121397552735
SC5A1,1.7898020175144762
HUTU,1.7785402308938147
GNAI3,1.8785596092305192
CDHR1,2.880438608421972
SUOX,2.8282391070243627
MTRR,6.753671861624995
3BP2,3.2408838317855486
PKHG5,4.5758086681856405
COA8,3.5940726709405584
SUCHY,2.088139251132206
ACTC,1.1674947660259143
STON1,5.545900699800684
VIME,2.047897806814523
UFM1,1.230776405667284
SYK,2.1207056540709104
DJC12,7.0451304646375945
CDK13,6.2074087307994645
GRN,4.856891812836237
CHIP,2.204790952826453
LEG12,3.714551638430087
MRP6,5.911891137684879
NMDE2,6.013857292125562
IBP4,4.0351469694922315
THOC6,3.6432193459968003
MSH5,1.4715207130865144
INCA1,15.810710226618912
EPG5,16.06570030266267
MARE2,2.707455552715971
NDE1,2.3973563969466767
MYRF,4.393861705080562
HBD,3.0502146935937486
KPCD2,3.260922039714999
ACY1,4.1212429294873765
ERCC3,1.2874450395932624
NDUS4,2.0457782983673134
BGAL,2.3474859102985266
BLNK,5.404012658948986
RS19,1.1045505226759513
HEXA,2.6789927220133074
NAA10,1.9366441688008287
ARH,2.3336772119060054
ANKH,7.899697494471469
S39A4,3.872070238573624
ISCA1,1.1358800094706207
MSHR,2.269187192097539
PIEZ2,15.028114063689788
CELR2,7.773577418406759
ITB6,2.828537383030218
MTNA,3.186950877036606
PAX9,2.0679361791539406
SATB2,2.381686349324363
EAA1,3.359764937663119
VAX1,3.197705909071697
MKS3,3.095226786433374
HECAM,3.00248797702953
KCTD7,2.8882797231264514
AP2S1,2.1720615778327512
CEA16,3.4572529406559154
CXA3,3.760692576458068
PCCB,2.3020598214730774
UQCC3,10.975991224104117
REEP1,1.4952524974176258
FZR1,2.0758098863591767
MCIN,8.039178739010923
CD40L,7.782452179073853
DLX3,3.89369267781574
PUF60,2.1921598614264144
CL065,4.675853796056109
TMPS3,3.541301544149492
NFIX,1.3716428906689953
SYMM,2.9751686927883085
CTC1,14.669978046547662
STAC3,2.4456377620961836
UROM,3.9390314685811716
SPTN2,6.507138992501178
EAA2,2.937218161722127
KPCD1,3.0298829190743346
DHSD,3.6489330875095614
ATTY,2.62345732412014
PPAT,3.381280828444714
DYH17,10.298255867406379
PLCZ1,3.2759350160502203
NSMF,2.700800149744737
CO2A1,3.790721602339859
TXND3,4.994075850231938
VINC,5.6871763689206265
APOC2,5.796289195274624
SNX10,3.4670649812102914
CLCN1,2.4085861123536336
PDE6C,1.8754517403479014
F111A,10.07711446578282
MAF,2.0487095112458427
TM127,10.668314481080461
LMBR1,5.102842767029005
CATF,3.6340192432855742
TALD3,15.367508744654996
FANCF,13.60024391589898
ADA2,5.441289304565063
MYH11,3.8107571220729475
MPU1,1.8455448885051224
COG4,3.830823807752653
NPHP4,14.88665898580082
TBA1A,1.0301542973922069
DPM2,5.32458417466154
CMC2,2.923089005004294
COQ8B,2.478378041849881
LYST,14.108163403352275
FLRT3,4.683507250110134
POC1A,3.0425338492468854
NFIA,1.5526766174621036
KCNN4,3.1783756029823835
PAPS2,3.6764879647728184
TBR1,4.939341043099705
SC5D,2.2890864930941373
BRCA1,8.161809711693842
TRAP1,1.7187243988737335
VPS35,2.5996585968078
K2C8,1.6799056126193614
KCJ10,2.518685794624637
TPC2A,4.305303873784829
CHKB,2.672487129304059
LFNG,2.312426207914259
CADH4,3.223767582923849
CRYGS,4.11798982627357
CAC1H,5.4677996486867535
CRCM1,2.603839443100811
PLAP,1.8609251811802712
VPP4,2.5931569155248475
TRM1,2.3863999401350777
HSPB1,2.4930936597771045
UTP4,4.456461756419918
AQP5,2.1510251743667848
TGFB3,3.2131044606883985
LCA5,7.169772621101983
CLN6,3.5383316113513703
HGNAT,5.509109006329544
MEIOB,10.986584090594093
CHD8,8.480299223471448
ELOV5,3.9155114073851682
PRPK,2.3632647956797497
K2C74,2.726612861205042
DESP,8.916890249950937
FETUA,6.684909254581432
TMC8,2.766421122605961
CCND2,3.262333226872731
MP2K2,1.3983488713034538
ISCU,1.8430797312985647
C1QB,3.3361920441445325
RFOX1,1.1234998326145476
FOXF1,3.803692840577551
SOMA,8.057440097701889
P2RX7,8.98032148920524
CLCN5,1.7757197411046546
THAP1,3.692559470420483
MTHFS,2.9848080036185967
RL21,2.660464433966064
ARSB,2.2435991613746356
LPPRC,10.319146483751577
CNNM4,2.559832241640494
BSCL2,3.1735468686826396
AATM,1.7755493919095113
CFTR,7.404885632287767
CF300,15.401005117979103
ARL16,2.8801697694742714
MYH3,1.837107540238962
CO4A5,3.9258109704763218
SNPC5,6.436441247824642
B2MG,2.8946097947263953
FHL1,5.06352372007679
SYDC,1.7612268315368647
PKR2,3.151591085967119
HNRH1,1.7181134480000575
CPT1C,2.5812585704739384
ERF,3.390630523989561
CDIN1,4.233456976824309
CEP41,2.7449496509036746
FTM,11.890051688680122
ACHD,5.403521453456514
DCMC,2.416543529656655
REC8,5.577368362636478
RDH5,3.318371434500687
GNA14,2.140263559238186
TBX6,5.537568718668313
NDUS3,1.8573980046425305
COA5,7.239008764503953
ASNS,2.42643720930507
SEN54,6.915080867488996
NRAM2,2.085293670809545
NPHN,7.675035611547896
SPG17,14.801983627811076
SBDS,2.0353670521140073
PUS3,3.0789324576145845
DAG1,6.491236021374382
SQSTM,3.5506451505087893
PMGT1,2.5184621780699357
PIGA,2.809838505859342
SNAPN,3.5224450799121048
COLI,4.670358506663622
C560,5.6548234279729295
TTPA,1.9682550675594892
IF2G,1.2424187961808522
CATK,2.275660512738359
TRPS1,11.02898855516808
PIGL,1.7712116587762121
IF140,10.515111614499562
RPGR,6.219441980177365
VWF,6.933332438718511
D19L2,2.7084004831855597
DNJC5,1.5867407951657984
PPOX,2.8997136114681723
ANK2,9.604779926832043
OXA1L,3.0438426225399495
GCYA1,4.1301895788670295
ODBB,1.636845536202489
RED1,2.1071687303277677
INTU,3.6609022820367345
TFE2,4.30913267936283
PCD15,7.791079098549619
APTX,2.142360959746387
RALA,1.7395386854751398
DNM3A,2.359677131608819
PCCA,1.6653578883404816
CYTSA,7.319494817521832
KLH41,2.464084584449664
ENPP1,2.346937036693624
RFXK,3.7908900415617786
EI2BB,2.550806146554687
RNT2,4.080819869413278
XPR1,5.334708163375978
RSPH9,16.714037321350283
PNKP,1.8022454181012428
RUVB1,1.5547174025114663
ATPF2,1.996636578835246
EXOS2,1.736700084226184
NDF2,3.5916421497761903
CTLA4,5.934044800385248
LDHD,2.185763804966364
GAMT,2.2561237462068697
PYC,2.415148667831692
FAKD1,5.634212201945952
GLPA,12.032357595416226
KCNJ2,2.3874663160616105
CE290,10.15332523514179
COF2,1.6220034606277522
BRCA2,15.000546065356621
XRCC1,7.6725890556945195
GHRHR,2.833218214030767
GALT,2.178856833595105
AT132,5.472541982753134
GCSP,1.6375174929453553
DNAI1,2.5809236517835004
NPC2,2.9045894053100456
SCN4A,2.8050731221448055
NDUS7,2.044775131999309
GAB1,2.7381276253310367
LEPR,8.374076575493095
GBB4,1.4637856243723248
GANAB,4.625784253103161
PROP,4.593763209921884
PUR9,1.8530775022932915
PKP1,6.017379470088357
BLM,7.877549284439424
GHC1,1.6496056711322071
AT2B4,2.4501368000616015
FBLN3,2.8072530810798404
RFT1,1.6874575689487321
ACATN,2.199351212366944
FUCT1,5.0712942122044735
ARC1B,3.099682251173546
PLAK,2.404122725571453
NDUV2,1.7366129590080133
PRKDC,14.255571546595156
WNT3,3.052931346645978
WDR36,3.1671533529142777
ZN469,12.965010734731013
PCNA,3.0941254369465296
NLRC4,10.853799070426978
RGMC,5.988011133080254
STX16,6.328362078149386
DMTF1,4.381712466474279
MTMR2,1.5625650248647336
ELOC,1.30648984322358
CTF1,10.984205387855495
TPP1,2.8529194167178393
LAT1L,4.001956025445658
SETD5,12.233413397882616
HDAC4,2.147434394248753
TBX1,2.772708729465269
NOTC1,6.250595234841479
NUP88,4.824385131424612
G6PI,1.636629024435373
KIF1A,6.011823838178838
PFKAM,1.7399235352546885
EBP,2.819428536197213
NONO,2.527149872624413
S20A2,2.1992872701404518
NUP85,14.406775923466682
ARSL,3.884272706489069
MYL1,1.832965768369937
UBP53,8.002599982026908
U520,7.8250666610102995
SH3K1,3.5613330638126484
MSX1,2.95342945144686
CXB6,3.673560073537753
S4A11,2.637674628642965
ORC4,1.9727992482632084
TEN4,11.0459754601665
CAHM1,3.257682105180189
NLGNX,1.7239637286369505
PRP31,2.2817133828203744
TEAD1,1.380513036132437
PDZD7,3.428576595288567
IFM5,6.454919488296526
SC5A7,3.1677739696786453
NDST1,1.8402083839400776
IL21,14.63022608890672
ANKR1,4.015639787821943
LMX1B,2.03325284682583
LAMB3,8.116713373369638
E41LA,4.776709868803378
SOX10,1.9217804867232255
GCSAM,15.116170951992174
OPA3,3.6998221248279033
SYDM,2.38365900567775
MYORG,5.754968536646952
GLT12,2.1176700265414885
IFT56,1.5485852504455928
CHST6,2.5450602828177957
SYVC,3.8683870329906496
NTCP2,2.2128142449467187
C1S,2.8600971501271215
I2BPL,4.080707890520697
SPT22,8.328995765984544
NSD2,5.182921652211284
CRYAB,2.792129532100867
LRC33,4.495366222852625
SPTN1,6.360225329679222
GYS1,2.078918905315394
TMM70,5.211542197160499
RNZ2,5.500444198254593
KLF1,5.714944693080059
GNT2A,2.561970129543186
BRWD3,10.395567424748553
PIGM,4.445229620700651
MMP25,2.5905520882943502
MTG8,1.7786855133714954
EPHA4,2.385299765097914
CTR3,2.154202176017657
TBCE,2.2528871978572327
CDON,8.863176349393939
VMA21,2.4130274199155513
ERLN2,1.9952359804098316
GRHL2,2.6648779752886083
CSRP3,2.029951143594316
DYN2,1.2370248870202158
MALD2,3.2133624247549797
CDSN,9.025715921634156
SC6A2,3.3849650826104547
UN45B,1.1721979394471134
DEAF1,3.166578378668325
SEM3A,3.00767799735748
CC170,9.958839516790063
NDUB8,3.0118150905092795
SETD2,11.813343617883493
DCPS,2.434043442203229
TIDC1,4.091567705284831
GNAS1,3.776120183933708
SYAM,2.466221104979448
COT1,1.473013389102235
GCP4,5.385679879261523
C1QT5,2.3336703278738082
COL10,4.089075845954894
TTLL5,9.166474775483206
PEX19,2.805468937647051
TNFA,4.628730387810794
DI3L2,3.7701800872537343
QCR8,3.600860907794094
AAKG2,2.221629396436971
KCNC1,1.575137601302471
ZEB1,7.8919763600489725
PIGP,5.321674437186747
GLCM,2.302315844259361
OAT,1.8245113369684078
RHAG,2.155020585396524
DHE4,2.9906095418459944
AICDA,1.8162338223165324
PURA,2.0442627775231803
PHS,1.6240412406083224
CEP63,3.4373227346335917
ETHE1,2.3794639176424606
GCSH,1.6961314400340688
MMP21,2.9332837127069746
SPAT7,13.670443140590137
PDE6B,1.7910468402840056
SAHH,2.2338119063021122
CAD15,4.892045055345734
NDUBB,3.5639346705174058
BAX,6.546127199663149
VP33A,2.7694385756870417
CO1A2,4.4778662346291584
FANCL,8.629055071649733
MA1B1,2.9122159863476798
P5CR2,1.70408068866332
MED17,15.446899078913118
TNG2,1.7144652239399216
PZRN3,2.668435202258332
MYOZ2,14.98490096487648
RS28,1.9378430386803402
AIP,2.468322421626972
COX20,2.458279629434744
CLPP,2.282384979041485
ELOV4,4.203871534637301
SYYM,2.354744786922583
RA51B,2.261853707868478
GELS,2.2485035678557845
MBL2,4.563381506327614
PR15B,13.035223651671984
CABP2,2.9263355049015383
RTEL1,6.272598151646855
SEPT9,3.0502606051129537
DYR,3.5402023106901783
CCD40,12.437406133584952
RASN,1.6417826834252125
CRBB3,2.8740129029160633
ZMIZ1,2.0293306019138546
MPPA,2.135386919259455
KCNT1,5.441364555881278
NDUS8,1.6681039630035017
AMOT,4.593922268324644
C2D1A,1.8834297755266747
TGM1,3.5459066669717134
DOCK8,14.94498043857145
STAG2,9.282708273831412
HACE1,1.319089396159668
STAC2,2.5584732054267123
HTRA1,2.0043432109824577
CHM1A,2.175478887577729
BACH2,5.560799000571477
HMCS2,2.5047108365294792
ZN862,9.273471779965321
ALPK1,15.888248048544336
TFR1,2.8733060044937817
BMP4,5.106948199981755
TMM47,2.3037506962066456
OTU6B,2.2004042989810246
FKTN,2.758694028856428
XYLT2,2.6157593670716417
CLD2,4.397850267909917
CNTP1,7.594322248550127
NLS1,2.82819688157816
AT11C,4.226078594212622
PARK7,1.787325511681861
COBA2,5.020795835688278
KCNJ8,3.0863177587960715
FZD4,4.239470107334254
SPY4,5.681063790457643
CATD,3.334403722877841
CPLN1,15.921883822537923
KPCG,2.5673228772775767
B3GN6,3.289635346638029
ACHB,5.13503871836802
M3K1,10.480376878388247
RPC22,8.488717355545962
ODPAT,2.7222449343922626
ADCY6,4.3438039684741865
XK,2.871341353870658
GSHB,2.7411698102456086
TBA4A,1.156710334620774
INP5E,3.5952357551295884
AT2A2,2.132917860109067
TR13B,7.980282830419759
S12A5,2.41258053975265
MECR,1.8561567231651788
SCO2,2.8996768128499983
ZN526,5.788281615627059
MPV17,2.5858478996108727
GPT,2.0322076355551357
LYOX,3.183332145334826
NIPA2,2.3845689641524626
MSMO1,4.115420173835146
PYRD,2.229577628208395
DPOG2,3.312928327451188
CD8A,6.40791267810778
NFL,2.675278115554955
A2AP,3.864977815358105
FGF14,2.9696536481845675
GALM,3.856763089820546
FTO,3.581979290884051
TBATA,12.396174784742282
C1QC,3.216944579246865
MORC2,3.8231783864342517
TOR1A,2.0640772615268124
GNAS3,10.61090441807617
STPAP,7.804800030561281
IRX5,3.0306293485488105
SRP54,1.158332536127304
TBB3,1.2183246812037918
ADAM9,2.6353753932912083
TM138,13.40635005746315
SERA,2.4462226011845436
GCH1,2.06968693360409
ZO2,4.964106992413028
GNAT1,2.865571116601692
SAR1B,1.599843723358767
GALA,10.440676262651408
EXT2,2.001320802884876
ODPA,2.059874578756933
SCN2B,7.2365815354295275
AFG2H,4.534491289436383
LITAF,3.4225252827078747
POMT1,1.8577429630954168
SMAL1,3.411763760912862
ATP7B,5.8184850014770575
MYO3A,6.074227086680311
PHKG2,2.58438804769412
CEP83,4.399346920988339
IKZF1,1.3960574125056722
B3GA3,2.483259349403453
CNGA3,2.7568198932836103
LMNB2,1.919337747594071
SO1B3,3.605444950691582
HPPD,1.9081687023986103
LIPL,4.828693865906435
LRP5,5.0055398313681545
CS012,1.9813540779037775
PYGB,1.248679705019561
TEX12,12.501718803010716
MYF5,3.4624598110899054
CXA1,5.1439176783206735
SYFB,4.290488370244062
DUOX2,8.667063069550593
EF1A2,1.3559503754950997
PTF1A,4.893547152112289
PRIC1,4.096705850703403
RASK,1.4808283332094314
CEBPA,5.31732904476469
DAAF3,8.59213630861503
PROP1,7.662317426905627
TCOF,6.36371057613072
BRCA1,6.504565168255403
MAFA,2.340007880799916
TFAM,4.249169816700928
IL2RA,12.012729098655223
WASC4,16.68094397908633
CHLE,2.719702373505431
MCM8,3.2130946361656805
SRCAP,7.658133369466835
POTE1,5.778004214872351
GIPC3,1.8070180070114665
TYOBP,3.97521941854769
RECQ4,8.511236022876702
CP7A1,3.26906699482948
PAX4,3.570375949479574
SGCD,2.74712232562633
MRAP,12.133468446186214
K1109,16.47451905996099
CRIPT,1.739208976465601
NPC1,6.76225376526483
ZSWM6,5.008458836862711
BCOR,13.192715093387337
COE3,1.1925997493983616
LRP6,4.805554724848822
HACD1,2.678072723725199
PNPH,3.092428557679707
FADD,8.317395702811078
DYH5,11.119753839602117
A1ATR,8.085625614816133
GRIK2,1.475777069725005
UBE2A,1.2539420570163482
FGF8,2.523392689333103
NEP,2.7861524023736624
S40A1,2.246171993585588
RP3A,2.4285479019094027
FRAS1,9.624026611420858
TELT,16.085379944378495
RB39B,3.3244002686259067
NSD1,8.838883036083416
PAX2,1.4390278745642482
LRSM1,2.751331099759489
KLH15,6.695355382506609
EPM2A,3.1825654734368447
ALMS1,7.672574832256288
KBTBD,3.0524054173989734
IRF6,2.9203972792452433
UBP11,3.164211707781871
P2RX2,5.342332061824206
NR0B2,4.209419947268513
PROC,3.6744374178232238
FGF18,1.7541837228462622
NPT2A,3.0351976617291467
PAPD1,3.0785264370269623
PUS7,1.6031399882622874
EPB41,1.559057053511154
PRIC2,3.723735138602973
TOE1,3.3456019437656797
THOC2,13.498385130573654
MRPP3,4.025133630726053
RNF13,3.083058380402379
NR2E3,2.6720132727202555
CACB2,1.7356900276149227
PHX2A,2.520667423370508
MYMK,3.3281994263517523
CAR11,7.804029009391176
CCNF,10.598220537234873
DICER,11.326231810127634
PUR8,1.656301697224084
COQ6,2.0448628753351414
GATA2,2.929128557648031
KAT6A,7.85965562401524
FMO3,2.36800569502055
TNR4,5.974030924709464
PINK1,4.341098434184294
HNF4A,2.8556418955767535
OPSD,1.595537140800934
TM231,9.49778557932678
TNNT3,1.5486824756611448
CRCM,11.362056477893804
KCNV2,3.098972949366879
MMP2,2.513066997129123
RSSA,1.090497450045062
NMDZ1,1.8137159930324056
FA50A,4.431765548934209
CEP57,12.49019020500293
TBCD,10.726228924879084
KCMA1,2.8900029076221156
TM87B,3.1137069546018656
NOP10,19.086168176057647
IFT52,12.0055268209071
RNH2C,15.487247454209145
VAMP2,1.3924161296091713
TKFC,2.412160704973911
MLC1,8.062528433090423
TECT2,10.43794327636677
FA10,3.0857376399518146
PTHY,14.528813131923252
TPM3,1.172332525688797
STT3A,1.492455685976777
TRUA,2.2558275426859
DPOLA,9.45247330404085
ITB4,8.893932806623825
TTI2,5.150781671870335
NKX62,2.8935070087444528
FUCO,2.173155647257908
FANCG,8.501519530716832
NODAL,6.226884146127035
DERM,10.760158017765963
SGCB,11.777882719587945
COPA1,1.9787980913538854
GALT3,2.778726482654945
LMIP,8.188684648079477
HNF1B,2.640164550505772
RRF2M,4.844663566555682
RN125,5.850841826040079
CE164,10.324195959240589
GRHL3,5.266282322069601
RBM48,5.309292841174712
ANK3,10.935675681776738
SASH1,7.0338254500287585
CADH2,3.0727977155659447
GNAI2,1.8826611087479634
SERC,2.823704701669678
PLXA2,4.646696802381316
HTF4,2.247132385867877
TKNK,11.127420770434428
PLPL9,2.1792774392837027
CAH12,2.9095866483218686
PDE10,1.2532329863237048
NU205,15.73446969289519
POGZ,8.665518848152821
KCND3,2.770891123038101
MCLN1,2.0108268247481784
MA2B1,6.760659871781588
GRP75,1.9170528480411975
S12A3,2.3136584065031545
JAM3,5.8541757725688655
MDHM,2.3032283560556346
ACTG,1.0451518284092571
CP27B,3.202439985585923
CXB2,2.420311840725302
RL18,3.7119010367731513
MLRS,1.80720095728648
WT1,2.8580841148264575
EGR2,5.2371150642926105
SYTM,2.728445751563809
MYO15,10.147619702492232
KIF11,6.126646192902935
DYH1,10.371452284986788
RELN,8.891525458157398
CRBB1,3.1512038442040646
GRCR1,6.500799913784812
COQ4,3.4724343919148994
CD79A,4.632887705806899
ANC2,7.746356295737965
COG1,5.44083412667738
P53,3.455186310470102
S26A4,2.9631853322562227
SEN2,4.367929524133707
ALG1,2.2421081465360118
MT2,4.684452755940334
SYNE4,9.475723933354999
AIRE,4.7162433852911345
ADK,1.8419227015087778
GREM2,3.79716638133874
BGLR,2.0576067196116328
SPOP,1.3526712360031443
KIF1C,4.055919936170337
PMGT2,3.9664659628979595
PROM1,4.094252078275538
PGFRL,6.330544200452745
ABCC9,5.662635469000802
CLIC2,2.7721763759465388
NF1,15.170683879429351
P,2.5190372598259545
GDF3,8.930254811956559
KTU,6.017852743011126
TPK1,1.449450631818074
APCD1,3.9333465513730204
GNAL,1.4689165725906554
HNRH2,1.906696350853051
COT2,1.447714935133006
IL17F,6.199898969591347
MERL,3.887936839234667
KIF7,8.231431044289389
CPSM,4.020001890747426
PIAS1,2.3197897232202678
TSC2,13.958982739271057
TECT1,10.029427394850698
SCMC3,1.4786212191736259
TBX20,3.7228623989462224
LRC56,6.174599597449003
DTNA,2.0043417457721664
BMPR2,7.704880197545433
PMS2,2.3902584751792095
KCRM,1.4752012734509445
IL4RA,10.869275706826377
NKX25,5.357344445481772
S13A5,3.3024909069659247
ANGI,7.155938435939762
SMAD6,4.788703134340122
SPRE1,4.637215644028235
BL1S3,8.985424381622929
M2GD,3.849606865798249
MFRP,3.7057793272914066
GBRG2,1.6939744886205115
CRDL1,4.175694444957294
EZH2,1.0192425669470653
GATA5,3.64692335815237
C19L1,2.6026194465007904
SATT,4.080291007747466
CAV3,5.15620801710837
ZNHI3,3.784572859048711
CARL2,10.216528527535083
NACC1,2.376490506022677
ADA,1.7019145331533585
PRPS1,1.0741601936455385
CN37,9.128474425564972
NEPRO,15.42938980361445
DSC2,2.986228632528595
RASL1,4.112324833831699
SCN1B,3.1663893214949965
SYAC,2.107986367767827
BBS7,4.205308885268098
CISD2,1.9784153644913307
TY3H,2.498230880697321
ERCC1,3.381666268842218
TADBP,2.5379549579068956
ARSG,4.891753601847579
MYO1E,2.5591426070105876
CITE2,6.050481952644634
PEO1,5.854480565678745
ODP2,3.2453410922928287
PRIO,4.5089269101471885
RHOA,1.274370650676494
U119A,2.8384497776526483
LIPP,1.779191417967438
URP2,3.269068544733657
OFD1,7.279475165078587
DPM3,3.6135692366994983
KIME,2.040735626193325
AMPD3,2.027465566535634
TTC12,2.655012022713056
KGP1,2.2395639297499965
WFS1,14.65352408613939
CLGN,3.0611005178559054
CSF2R,6.340524400188359
CAC1S,3.9178542581754154
FLVC2,2.2336196395109638
NDF1,3.938707243565388
PCKGC,1.875445623219208
LAMA1,7.782271495385484
COPA,5.8889170182085175
SLUR1,6.656793905930766
EPB42,4.383449108225746
ATP7A,5.633491316242304
TF3C1,15.578497514481386
GTR1,2.8542675167170657
SYUB,2.4925829286297083
RUNX1,4.811301402469071
RT07,2.3598885337723954
IDHC,1.903502446384181
ZEP2,13.456509409413812
TNR6,8.316364646986967
MYPC3,5.469701849891409
RD3,14.908506411623392
SYCC,1.618467837500582
PLPL6,4.534105112220477
TRI37,2.871982566944649
FLNB,5.149626624693427
SPTC1,1.8149202442812635
LFTY2,4.006298905417299
NK3R,2.6591422225888923
ARRC,2.93726920675248
CENPJ,11.613890130647363
PI3R5,6.115827391160428
PRP8,16.379402419348413
TM10C,3.983697185142064
INGR2,6.7060794915041715
GFI1,3.143528376911836
CRYAA,2.4259574454862705
CHSS1,1.575667669194829
DNLI4,2.266312623318088
PTC1,8.495326036076651
P3H2,3.347376906898405
ADT1,1.4169528764094865
SNP25,2.8685469262957786
SRPX2,3.323444376259539
ACHE,5.47895922387651
FKB14,2.2540734669574536
ANTR1,1.768641460363462
BSND,9.013756796755965
SMOC1,2.5689605364494796
PPCEL,6.340853511482711
GSH1,1.9552251775951284
ACD,13.581590789006789
SEN15,16.88932687374196
ALS2,10.009338283287
FTCD,1.9485737814689406
DCE1,1.7722679385382043
CHD7,8.813042556171766
PRDM8,3.7911065480216553
FMT,2.808317564626821
GLRX5,2.024051034006914
WASC5,16.500424606435296
CLRN1,13.484065212036926
SMCA4,4.3402495317949255
NPT2C,3.4704326769777643
GBRB1,2.0528165449872904
KISSR,3.3437199834826132
MOG,1.9722834829243547
IMA8,3.7207778641620792
BBS12,6.786877925857727
BOLA3,2.1810686964382513
NSE3,3.944320043013677
NIPA4,4.334760209665057
SPART,3.5597950581651556
ZCHC8,4.086182714601704
PTH1R,2.382645468298937
DGUOK,2.6330536378180986
ALEX,9.173423987041947
PAHX,2.23052355809407
P2R3C,8.29922557136354
HEM2,2.2527756278458377
CYLD,2.456047490298781
ERR2,1.6125181818795618
ST2B1,3.402675852636819
ECE1,2.280608975368501
RENR,10.24123753875129
PHF6,6.061753882781825
DKC1,1.8340445815086783
CAR14,4.980452122460833
B4GT1,2.618917690966072
TREM2,5.473377277944105
TNNI3,6.371524225147949
STS,4.095745058888077
SPRC,2.129174293864204
CERT,1.3135639359895235
RAC2,1.3437813235711358
COG6,5.741707205170253
NEXN,5.848585209215532
ALBU,3.481191777643023
RDH12,3.036201326558899
P5CR1,1.5490003443870646
HXD13,3.220897194840761
UD19,2.877746225541211
MATN3,2.4038123148894437
M2OM,1.6549533809051773
ADPRS,3.240088909088712
GATM,2.2697443823564534
AK1C2,2.6622459168393355
MCPH1,6.787779439538573
RCBT1,2.0265219396160807
CALM1,1.0223644491818498
BCDO1,2.2278489781314317
PCKGM,1.9429990522919103
BPL1,3.429062660537092
DSG2,8.192827508729197
CTL4,2.3377868470898466
S29A3,3.0775295742065083
CE152,12.49816310639132
CO6A1,3.9533890983470115
DNMT1,9.576399144181696
MINP1,2.600029856029297
ODO2,2.0517582609229152
GATB,4.108139536652688
NRL,3.1243581646637053
FOXP2,1.2077461082166907
ADA10,1.6916608501970156
TERT,11.9631515875807
C1TC,1.718324450343976
KDM5C,7.03004439724336
RS24,1.721911422369038
PRRX1,3.5100979602510303
GNMT,2.208193121840053
ACTHR,3.9031518262453564
KLH24,4.038289994265177
DCDC2,5.212371336250973
APT,3.15653194697802
LIMS2,1.7596220485915446
FGF5,3.664474529527715
PABP2,2.710655595100259
LIPC,3.236015896954136
ASPG,3.5862702036284824
NSUN2,1.7708004391583279
NEMO,4.651724099160969
ERBB4,2.663407581977293
TIMP3,3.972973726647938
FA12,6.223963088278423
CIKS,6.601406480259878
GLYG,2.1736008747665747
CLD14,3.6189992058121314
TGM3L,3.054143708242327
VATE1,1.4879234603471934
PRS23,3.0832680315319103
CY24A,6.625279734958944
DOK7,2.9731272407467473
IFT80,2.129140227904184
ADCY5,4.616521108502603
BTD,3.4377375706241895
PANX1,2.40030520975945
CO7,2.9736564422641116
MAK,3.307542903600092
PQBP1,2.4122984749461103
MATR3,3.9103482282748896
DJB13,3.4134906475275715
EFTS,5.189168947641249
RBM20,11.141108577158313
PT100,3.4802867875259533
VAMP1,1.7746353167065838
CD19,10.515315304518818
MKRN3,6.038102008142378
H6ST1,2.191399736855765
P63,2.3736437528260703
ARHG6,4.101440824304452
AMACR,2.9254247296543525
HESX1,7.9845573702819
FANCJ,8.532239889448299
KCNQ2,1.6614389337223057
RAG2,2.6191256034069674
COQ8A,2.597975314215031
SYYC,1.702188911090657
IRF8,3.3965171638962524
FA7,3.4105463585962257
MAFB,2.6226763728390177
PTSS1,5.392876607879283
PITM3,1.8453665786716293
ADDG,2.718515596544852
HOIL1,2.4313411977739054
PRAX,5.167520919071274
FITM2,4.984723064457359
HINT1,1.746515053004264
FOXI1,5.4752836927915505
PCFT,2.590052754071173
LICH,2.11548115096795
CUL4B,1.4851156046490774
XPC,3.5409103748342194
VSX2,3.348066705982885
TNR5,4.900980913742396
S13A3,4.269573137705031
SO2A1,2.9070498880754236
LMX1A,2.398575331333816
RSRC2,1.7133254049156
MUTYH,2.49760463189203
INP5K,4.9492661757834675
AUHM,2.688826982537426
I12R1,8.33944483909234
GDC,3.455142861936294
LEP,12.848175990016252
ACTA,1.2006695832666314
SPI1,6.258634070566209
P5CS,1.7858496127893575
AT1A2,1.6487125761693697
DPOLQ,10.094228484537057
UBE2T,2.670458273891962
MOD5,1.977442575356659
ABHD5,1.8370395009136156
COX15,2.295325577650397
G6PC3,7.522532050038121
CEP97,4.961162223406436
ALG14,2.464987214370102
SYCM,2.0612224479151613
EXOS3,2.718168610009132
ITM2B,6.8920411395631715
CYB5,2.042576136793767
EAA3,3.772510945482485
CNGB1,4.409231546686208
SC23B,1.3731337665040158
ALPK3,12.47516562203076
CTIP,8.152570080854451
HMX1,4.262660476967202
TOIP1,6.299341963798623
EVC,12.574003420715092
OGDHL,2.216493448999762
ZN148,9.510608719520961
TELO2,4.6092935095962595
KREM1,7.01871153227779
DHX37,6.863592312945862
S35A3,1.7095839664282955
PIGV,2.8684086914347486
RENT1,3.6814393063705
NRX1B,1.9499008088625644
TRM5,3.504953460942188
KANK1,8.417670265383036
TACD2,2.955437030638694
TENR,6.006192240270476
CFA53,8.10707462113515
NCKX5,2.5499379633117947
PLCB4,4.3000543742577095
S52A3,3.088637462299394
EYS,9.519715471011194
CX6B1,3.6511227959195227
PCY1A,1.7682542337193379
PIGB,2.4178197401290076
TMM98,13.591938735926535
COA3,3.635263788200567
COX10,3.1503176902969936
AACT,5.798252354896028
FLI1,2.533507815898808
HMGCL,1.8244858980355256
SPIT2,4.52742199084632
TNFL6,4.113503306437767
ZIC1,1.6073818214634417
DLG3,1.660439244588234
HPS1,3.259516197134503
NDUS2,1.8153700600013811
HXA13,2.799116245205074
CLD10,2.2648364782859223
TMX2,2.0537677013384092
LYRM4,2.213029974173333
SH21A,3.125081186993603
AT8A2,2.7604031153075335
RASH,1.5042533913713314
LOXE3,6.720595467082214
SYQ,2.071225450776002
LACC1,3.927263208825635
FGF9,2.4481105287813127
KRIT1,9.55440492518582
3BHS2,2.20541045033031
NNRD,1.8560706727590157
CERU,4.7165037482790355
SPAST,2.853338422738517
ALG9,3.1275378281539528
PI51C,2.0546431350562337
TPPC3,2.1949067174624783
KCD11,8.771678841727287
TTC1,3.9642282522355066
CO4A3,5.22822917390328
CARD9,5.950374148724823
GTR9,3.6822182662819154
PEX13,3.43524138131523
PERF,4.24995863150249
ACTN1,1.099790220302855
CIB2,2.3883373077791292
PGM1,1.3065585368073562
SCO1,2.9936653897650505
ZN423,9.302083068222327
LDHA,1.780587622858397
DOPO,2.517288053580677
SHOC2,2.9939296397771127
HSPB3,6.331077199003649
PACRG,2.969478849753479
UT1,2.4137315443332628
MXRA8,3.394883511909648
IVD,1.6148835107592694
ENPLL,5.58275519592292
GAN,1.5650309294977618
PATL2,8.104517826389827
TDRKH,3.245083052850012
TENX,3.1656037140656745
CAC1E,4.725635571906354
PCGF2,2.640946296656717
TBA8,1.3919834692219708
SUFU,5.2487553018223645
GUF1,2.013202660502871
TRDN,6.540589237117108
FOXL2,4.155147431728652
BAT1,3.1792915293709507
BBS2,3.8207024910466405
GP153,3.5898730080897496
CAC1C,3.9232285735786547
CLCKA,3.3584069032038864
ACADS,1.806826983704497
SYT2,1.8276702378402279
CDKL5,3.9525656111062943
SIAT6,1.475941395837186
FUMH,2.384594368927291
EPHB4,2.512325231458586
MTM1,2.343696489906606
COLQ,2.5887628093473327
SEM4A,3.7628160227701826
U2AF1,1.6055503333319465
TONSL,8.153464803833016
GRIP1,3.1338730007330797
UVSSA,3.7813317711274985
NECT4,5.437976731070219
KITM,2.226332713794294
AGRP,5.499599758953832
TAF13,2.067261915677507
LGI4,5.633707814053339
RS23,1.4663752915963029
PGAP3,2.1071745363099623
ZP1,7.145525916724626
DYM,2.492980942203742
OTUL,4.140307214799704
MERTK,3.3643046158647247
STAR,3.1761155041960696
CCM2,2.819847890422029
TOP1,1.3130804679228838
F13A,3.0182219840850775
MYLK,5.921013726591567
TAF2,9.094563418621334
PK1L1,14.520472023554085
SCNNG,7.829178571077893
CAH5A,3.601234321220296
UCHL1,2.8398598704378095
PROS,2.7257900833031967
SCN1A,2.8956287919589174
AQP2,2.4038763170444404
IF122,10.131963402690799
CXB1,3.5183071083470123
I11RA,3.7277692075470568
GMPPA,6.370381920885934
RAD50,8.208438337821866
SGO1,11.529235323124041
PCSK9,3.842651066697254
COIA1,6.945924798141259
TRI18,1.7147928287764185
SERB,1.9466890621607296
CNGB3,3.6336645775480045
PCY2,1.6896822806262628
LSHR,2.5371946882520633
TBX22,4.766591047844937
NUP93,6.681766374358105
ALS,3.2976606950575458
BBS10,7.229343935115781
ARX,3.0812438030828972
KCNA2,2.0701463256152657
PADI3,3.2552876221159837
SRY,7.947350088074762
ASAH1,3.030903565626705
LYRM7,3.433244204636955
SPB6,3.5512076391841383
TNAP3,5.018446137589907
VLDLR,2.0291721149110744
MSH6,8.245484101790673
RS17,1.4086392459439108
EDN3,6.696179879729128
MSTO1,3.130911667723868
DBLOH,8.78858026781587
ADRO,4.241163357004506
MYH7,1.7406647415760452
PIGW,4.918916776813062
KCNQ4,2.31341687347619
NBEA,10.347935597839754
SELN,10.29367019631401
SC6A6,3.255950752818938
CP7B1,3.7183362188969338
CSF1R,3.1263816940015485
SMAD4,2.1374541354089187
PTHR,14.387440613979603
LZTR1,1.7084281799452512
CPT2,5.934895487687536
SIX2,2.2419833971244465
SCRB2,2.8204862686401686
BEST1,3.9625163692418646
KCJ18,2.654290488087837
ECHB,1.8081575661422504
CC103,13.835554183712851
MTU1,3.5435383881911102
DTBP1,3.5463979321813413
AT2C2,2.083974181599154
DNM1L,1.661253883857781
K1C25,2.7169128137141065
NECT3,2.9003841113942497
NGN3,5.00822547169321
TWST2,2.693459638585677
GDAP1,2.9262663061350245
CHD4,6.859196942813755
OSMR,7.419128974182406
SRAC1,3.5393471885814973
TIA1,1.8819484664852753
VGFR3,7.534087462779689
NKAP,3.658108954680439
C2CD3,14.402814910666843
CERKL,2.983749990535549
TRI44,6.602084791745933
TSHB,4.38188611528828
DHTK1,3.572800929788833
TRFR,2.9806200743241926
TALDO,3.109220736061235
MICU1,4.392643212833677
AP2A,1.5089902043096486
PIGC,4.153890279057643
TAF6,2.827629972095423
OPTN,9.512338252690478
GATA6,4.423353383247774
WIPI4,1.9782551377467419
FZD2,2.6818723810794967
SMCA2,4.35631263632235
MTCH1,2.5868732380802335
FOXP3,4.9624204089161745
NOTC2,6.46184735497761
VANG1,2.472357048506333
UNG,1.8503129250417603
SMCE1,2.04402182246256
S35D1,1.9013302433947827
THG1,2.521823181294946
MP2K1,1.4313358343820166
MBD5,13.346549921529121
MD2L2,6.59091251270998
SYVM,4.515453550119445
PYGL,1.518441619298664
CCHL,2.2894467627704103
TRNT1,5.992877636689959
UD11,3.566272141919988
GRAP,1.743475994955056
APOE,5.864049747416773
FREM2,10.843848975794362
CLCN2,1.8826981502832356
GNAS2,1.1372325193823252
NEU2,3.822788205565161
THA,3.0459586887377457
PGFRB,5.8232464526448275
TNPO3,2.1206230321790867
INS,3.3732168361783272
ATG5,12.357808433470568
TEN3,10.725814797640835
KIF4A,7.628580273526913
ABCBB,4.457392268111598
MUSK,1.6703287073878998
IL10,5.5742020339516225
NED4L,1.560444381438892
S45A2,2.423817471868761
QCR1,2.585120452836969
B3GLT,1.9954876540869015
SDHF2,2.712650549461322
F110A,7.537782444120187
EHMT1,4.6438729918658295
PO6F2,2.733583163392418
DSCL1,7.395319884252001
NU107,5.642445389051861
UD110,2.9404176009852923
DR9C7,3.779332507563577
SBP1,1.750248863551283
XLRS1,2.206333397858522
SIL1,3.5105792706304064
GPSM2,2.6409361739465966
S39AD,2.593180771981623
ZMY11,1.9792197176538597
GT2D1,2.6059981717840035
SUH,2.1559695430992303
TPRN,7.552161055072935
KRT83,1.4618573711533698
BMR1A,2.326515445427359
EFTU,3.404030454754925
UBIA1,2.782734216780895
K1C16,1.671302468907945
USH1G,3.2908321845401156
RGPA1,14.633535888424852
CERS1,2.6839174457398127
MEIS2,2.015813625203315
AVIL,2.2466624036770826
SHOX,2.244028991295944
HPS3,9.945515394280184
JAM2,4.515661911096727
ODC,1.6988956287901282
CASR,4.928877036672075
ELNE,5.296291902883321
NDUB9,3.2715954400438
MED9,4.613557978828806
GFI1B,3.1640008286655426
NMDE1,6.196943845710413
PPCS,5.028208129242735
MYPC1,5.177557115248133
RL35A,1.1517287425004934
SGCG,3.888697231908852
AT2L2,2.7166549130842848
HSPB8,5.665409428816525
POF1B,7.641089302008841
COL11,1.825999145061698
SC6A9,3.1804282084771427
ABCG8,2.8747126432495094
CFA91,5.481730765785488
PRKRA,4.000284396507944
NCPR,2.271246571839495
MCFD2,2.186150732270607
UBQL2,2.210780910696595
NT5D1,3.6377077591511213
RING2,5.334034595437473
NTNG2,1.2022491153910049
COR1A,2.161578649559697
5NTD,2.226246115763651
RP9,1.9132753582066555
PREX2,10.973152631934285
GDIR1,5.955187961610624
FGF3,2.959630939201482
TM107,4.644885871829407
RAF1,1.8663992762703354
COG7,5.711506529750057
EF2,1.2798025274769669
CACP,2.076299158277038
PDK3,1.727742422712066
CPT1A,1.6905345894144406
ANR11,11.264439626851063
GATA,1.8815062816717458
MESP2,6.9603022402774695
PTGIS,5.03334908107675
VGLU3,2.1813740679431697
TAF1,12.407914480568751
MFAP5,7.907363475366934
FSHB,4.416279789753622
SACS,13.931154642390505
LDLR,2.4173659145741837
ARRS,2.49431624734902
GPC4,3.068619726507263
SAMH1,2.7327780384361775
GRM7,2.5265397850167273
MMP14,2.3163295411642877
MALT1,2.9365857822400265
ARGAL,5.082773932503497
GALNS,3.470451529914035
SYNM,2.2521520499787284
DEPD5,15.99841549564588
SOX17,5.669425871083086
EMARD,14.338028829413515
CAH1,3.1236648904775164
WWTR1,2.7325632972244303
CO1A1,3.723457714775731
VATB2,1.576281725997031
TPM1,1.190337185752655
ACHB2,3.0975971741997728
IF1AX,1.2378780885925467
PPGB,5.139260208527372
LYSC,2.963922188647315
TIM16,1.6981370147648343
ERLN1,2.5236960349776156
CYC,2.2014613564322247
C2D2A,13.547318847830809
MYH9,3.712527625506319
TTC8,3.3126805749063983
TRIM1,2.063539431572997
KLHL7,4.740723859847713
MUTA,2.5923822626910993
EDNRA,2.786032107302981
GARS,1.6013305455076556
GYS2,2.187355672529383
ABCC8,5.302963586914386
NOD2,4.585740414118472
EI2BE,2.8125741291626087
SPG7,1.8461144202814876
SCRB1,2.3477201834416723
REN3B,3.1865409900530177
RB11B,1.716802590635345
DRAM2,3.090035864218637
GUC2D,4.693694136921256
DCAF6,4.278177316120088
RA51C,2.2295118936772935
GRIK5,2.4725179311773364
SAMD9,14.273105599215038
OPA1,1.6571801293244264
ECHP,2.5504132257280325
STA5B,5.08139918614248
HUWE1,11.622854568695749
CMTA1,7.679060736882818
PH4H,2.1823192669991114
FLNC,5.079468239734561
SPG21,5.261861008182308
SDHA,1.7612717221403826
GRHPR,1.885982567707359
ZIC3,2.2606642684698968
ENTP1,4.428966047051021
SYLC,4.769805962005615
MTMR5,10.411892893222412
RAC3,1.1815605032422676
HPRT,1.3060679490260871
MCM4,1.981663369073607
CAC1F,3.6384515639121755
CANT1,2.3995727507463376
VATA,1.472072850795427
PEX10,6.9681138594378
S29A1,2.3753690449361233
KCNQ1,1.7020926484527419
PDE6A,1.803036969114119
TECR,1.0852768044828645
SPTB1,7.011140129588829
H33,1.084591858002451
SNX14,1.4022450453162443
HNF1A,4.032534908369526
MILR1,8.852928460041587
RBGPR,14.85051867046742
ERAL1,3.050880943069762
GPI8,2.0959211510540623
LX12B,7.101511732294679
LIPT,6.570911031502783
HNRPU,1.9179514292295536
ECHA,1.9526818397480892
NPHP3,9.919366114183768
CCNO,4.948400498629635
NID1,9.36628645534285
AOFA,1.6434124632174936
A1AT,5.776503542627653
CRTAP,2.344341870185904
SLN14,4.5207439142314465
ITA2B,5.906538420116988
STK11,1.7953129367522158
TBCK,2.4768237216851583
UBE3B,8.71282316301209
METH,3.433330083898484
RM03,2.8365670827018095
VKGC,2.653304765602455
KPB2,10.26303463817911
ATD3A,1.8618974813118594
FANCC,14.13988887205308
NKX32,4.1847566169545125
MTX2,1.7253823026343489
RPA1,9.952731305575325
KIT,3.0872630733813824
CO3A1,3.958512595010158
DHDDS,2.233991002143428
RPGR1,12.408209694382359
NDUS6,2.21263383525788
DUS6,3.4045915074763955
CHIT1,3.639868749761565
CLD16,2.688650757170377
MASP1,2.445898836188521
NKX26,5.171406088489362
PGCA,3.623261971976794
SFPA2,3.2182229212787155
MOCOS,2.8904058541282542
FACD2,14.792654973945519
K1C18,2.52180495358539
SOX5,1.9780390215442252
PLSI,2.0055784853691
DPOG1,11.95589575655572
I10R1,9.883700042721054
YAP1,1.6912529730535057
CTHR1,2.0256328841271527
DSE,13.07962654315832
C10,12.39600218928149
POPD1,6.565111509768803
CH037,8.745417976505632
COHA1,6.788372622337164
RBX2,1.8122260164801758
GBRA2,1.4237418642051827
XIAP,3.9978949797120404
RHG21,11.511699683466043
KCJ13,5.332698459269651
CO3,10.076612067832995
EFGM,3.08868708523175
GRIA3,1.4575957286447523
GALK1,2.5018059132136234
XPP3,2.720342008982591
GSDME,14.896165124862984
DLL3,4.381402705459999
S36A2,2.403227661434856
CTND2,3.3521261515465968
AP4S1,2.901532836372619
CAVN1,3.9017719319808495
T106B,2.864136237334827
GNAQ,1.909133696352975
ACHG,5.828918898406483
A4,1.3177874419315294
SYWC,1.7775733691087006
ALG12,4.006742614564872
ANDR,3.2293071742875292
KDM1A,2.6793941276468636
SPTCS,15.363497998091997
SCN2A,2.7541113733426874
SC6A4,3.8332555245239774
DEGS1,2.3366180915280985
KCTD1,1.3041552123069697
P4HA2,5.790824536309401
GPDM,1.9828811768589412
PDIA1,1.5547448525906524
CAN1,3.012840261915419
CC14A,3.547254932978559
P85A,1.820750339200523
RAGE,2.433450903153637
ACER3,2.2283410562673787
EOGT,2.176893094589517
CO6A3,6.414467735054872
STXB2,2.047959733149188
CTNA3,3.1177227672869026
EYA1,1.1921616569882314
TSC1,12.481795794424457
KCNH2,3.0881267225399753
KIF5C,1.2634171461589316
PLD1,3.4107742352448844
NEK1,8.763465419782417
AGRG1,4.802001199064221
CTRC,3.3938691071388076
CFAI,3.6937192745318064
CXA8,4.056459503533455
TRPM1,6.202394876000388
MIP,2.9028797172718424
OBRG,10.053004106967839
NDUF4,9.855929518930195
EGLN,8.549715448773817
GEMI,6.414938102341615
B9D1,5.360014985462317
CLN3,2.1843255883376185
PERM,5.000701439676056
MSH2,2.5187271891951024
TILB,2.877025368297833
CD3G,5.5590146845037625
PAX8,1.8765618305131095
NIPBL,12.102175098981306
KI21A,6.932885742092494
FOXG1,2.686669211978046
SYEM,4.712178773734598
JHD2C,12.464810190281364
V2R,2.7749472765432426
PIT1,4.636055527616159
VATB1,1.731031993562822
GNPTA,12.4528843899875
VDR,2.144770282179417
AT1A3,1.5860970171217486
SYFM,1.877727528804416
NPT2B,2.9523584832826693
UMPS,3.5732171775503567
MKKS,3.3573857232368614
TTBK1,7.040458946428777
GPR39,3.5881860538008286
DDHD1,2.2614151377563334
CGAT1,2.324039415920624
MYH14,4.044519668483035
LRMDA,2.0898914602603154
SCMC1,2.1653563769098136
PEX2,3.5934029990875715
PTH2R,2.8821425154394387
RHBT2,1.8219709908005641
AFF4,9.746010037375893
UD17,2.985656064862373
TPIS,1.6129141695233016
STAT3,1.2581133926696086
CDC45,1.99976537129309
MCR,4.4782214776035705
DDHD2,1.8297132695431293
UBF1,1.312893413272291
H14,1.4587442402260762
CHSTE,3.589796502029815
CSCL1,4.375087157833059
AKIP,5.1923571062480205
MYH6,1.784117785270887
ORNT1,3.533306521222841
KMT2E,10.770127468100743
L1CAM,6.908657313367809
AMHR2,3.053811198026748
ICOS,9.765828085073338
ATS13,8.278141172623725
STX1B,1.4885782719440233
SMS2,4.511387315573233
IL3RB,7.585160357266032
FA8,10.005454946574021
KLH17,2.0617713217252644
CTBP1,1.4349698964456676
PO4F3,2.799057710194055
CXB3,2.7000722297744435
SPTC2,1.6892700033446435
ACDSB,2.2993269134455154
DPS1,2.0859724204978267
SYNJ1,6.544423806822067
RN170,2.5267836705298397
CAN5,1.7730286935356239
PERT,5.329236893599657
BC11A,3.9780607149821137
MAFIP,15.006120897565076
ROR2,2.272034837208802
BUP1,1.6831673686202584
COG8,2.2469405102007647
KRT81,1.446776982018013
TBC24,2.857942185289163
DVL1,1.6248376563508249
ERCC6,8.434418045074894
MYP2,2.2882120561197774
RPAC1,2.363045788400494
LAMC2,8.711478175414113
MAN1,4.051511100277032
WDR62,10.674155007393736
ROBO4,5.677384716360387
MOC2B,2.8667541241272945
PLEC,6.289835791889213
NIPA1,3.9257388659638677
K2C4,2.1147887247836765
NDP,9.535995054642381
EP300,9.549879494096103
XPA,2.178533164812466
CBPZ,2.8383191973028703
TIE2,5.697929253836937
IC1,4.680335945005312
RL13,1.4861008276737746
ALDOB,2.187663823492934
SCNNA,2.985884659207908
RB3GP,6.045939536095292
SYHM,2.3988111624846233
KIF5A,2.024125440117327
ALR,3.2836186387701978
SUCA,1.6513179691635067
CBL,1.7087919557921514
SCAM5,1.682390516960054
GNAO,1.8985198449483829
POC1B,4.855429605956174
TF7L2,1.273293815345467
NFKB1,2.5605806987925055
AASS,2.424791145596725
STRC,11.907242498458203
RERE,7.660920226461667
CTRO,8.802991702316566
ABCA1,7.981684654359094
ESR1,3.0506261792241047
TCPH,3.2978887267080625
NF2L2,4.352598431324777
CUX2,7.601342219135213
R113A,2.315131012180803
CE120,3.3979988244780346
ANLN,11.167884294688365
NHS,14.4643130332915
EXT1,1.6110168399946405
NPAS2,4.504000170996106
INSR,5.841000192834246
FANCA,14.86426572364038
STF1,2.7356610126223684
HBB,2.9467058073112273
SODE,4.240774887789158
MFSD8,2.403266843509374
MB211,5.414148131737078
ALG6,2.671808254788734
UD14,3.6354372642252386
MAG,6.8092256456979285
ANKL2,4.532010204799771
ETFA,3.118035120291085
OCRL,2.4954194882401595
SOX4,3.667210034830637
PLCB,2.5401284854030988
DFFB,4.941541134391625
CD59,7.07503741347709
SCF,9.752428294091072
LRIF1,12.27634560719849
GCST,3.186957709216212
LZTS1,6.5827892421357825
CD79B,6.058120068091473
RAB7A,1.8265143397605983
CTU2,2.616709686399422
1433G,2.0694236486917856
CYTC,3.4792203377956614
IL1RA,14.640901643985584
NDUF6,2.680273411704893
RL10L,1.3293448836865926
EGFR,3.9534145929774294
C1R,2.3406150548641325
SCN9A,3.185295656663838
DDX58,4.227571806887753
SIX3,2.623572990344426
SPSY,1.9958079018605974
S2546,6.313597372666678
PROK2,3.2421180831221235
VPS53,1.3388476466855581
HSF4,5.138282362354188
MYL3,1.781306818096966
NOGG,5.15221280343497
CO2,2.7595422065593276
RBP2,7.499808683960308
SUIS,6.005569119007029
GCDH,1.8577656390628168
EFHC1,2.7373750523787677
SOX3,3.5154671601845164
CBP,9.414269869656046
MD13L,16.346311546787582
DPYL2,1.2126440159195986
ACTN2,1.6345254527722444
ABL1,5.433771166971264
CRBA4,3.2754107211556494
MASP2,2.688439583304
METK1,1.6150526548314472
S2538,4.340989401580207
ATM,13.681367043717641
HARS1,1.6147805035604708
ANF,7.716496537691267
EP2A2,10.855162528101424
TT21B,9.414825109285049
TACT,7.773433979172397
PPA5,2.6920933822914046
K2C5,1.61952504764402
MYOTI,4.308574560849452
ATOH7,5.0926275939127965
SDHB,1.560066108155701
CR3L3,5.6118967056736
FUT1,2.830365594229937
CO4A2,5.612820393521675
ARSA,4.730423683930031
GATC,4.77366218679045
ETV6,5.545741012071755
TAZ,1.596540794983373
KCNJ5,2.3396027429007114
AT2B2,1.8335983822012691
PP2AA,1.111280192367105
TBG1,2.0665888220429323
SL9A6,1.5885286886779102
POPD3,3.315951366071393
RXRA,2.158522255520418
AL14E,10.991029150650714
STIL,16.236040198301374
SCNNB,7.507141373665847
LSHB,5.825897131744408
WDR93,14.171353315714702
COQ9,2.4294139438928495
EPS8,4.5543551593001075
SMRD1,1.6569430467010313
TSEAR,2.5999873573738106
PKP2,5.508347849908232
RBM10,3.5157995904499946
